census_tract,N_trees,tree_diameter,N_dead,Pct_health,Pct_noproblems
1,786.0,8.5470737913486,15.0,0.7506361323155216,0.6755725190839694
2,713.0,9.340813464235625,11.0,0.8877980364656382,0.7461430575035063
3,238.0,8.8109243697479,18.0,0.7016806722689075,0.9033613445378151
4,656.0,9.896341463414634,9.0,0.7637195121951219,0.7195121951219512
6,657.0,10.013698630136986,31.0,0.7747336377473364,0.624048706240487
7,1564.0,10.01086956521739,47.0,0.7289002557544757,0.709079283887468
8,1394.0,10.333572453371593,37.0,0.8637015781922525,0.6987087517934003
9,583.0,9.943396226415095,16.0,0.8404802744425386,0.6878216123499142
10,156.0,19.564102564102566,0.0,0.9294871794871795,0.532051282051282
11,669.0,7.856502242152466,26.0,0.8176382660687593,0.905829596412556
12,431.0,14.204176334106728,11.0,0.7911832946635731,0.5498839907192575
13,341.0,7.976539589442815,15.0,0.7712609970674487,0.6304985337243402
14,336.0,20.50297619047619,3.0,0.7619047619047619,0.6011904761904762
15,299.0,7.525083612040134,8.0,0.5518394648829431,0.7123745819397993
16,788.0,10.496192893401016,18.0,0.8629441624365483,0.6548223350253807
17,222.0,10.86036036036036,20.0,0.7072072072072072,0.7432432432432432
18,615.0,9.721951219512196,16.0,0.8504065040650407,0.7138211382113822
19,965.0,7.151295336787565,29.0,0.7181347150259068,0.533678756476684
20,761.0,13.232588699080157,12.0,0.8830486202365309,0.7240473061760841
21,1310.0,7.7763358778625955,56.0,0.7419847328244275,0.7480916030534351
22,599.0,10.015025041736227,23.0,0.8363939899833055,0.5642737896494157
23,93.0,10.13978494623656,2.0,0.7956989247311828,0.7526881720430108
24,223.0,11.053811659192824,9.0,0.8161434977578476,0.5605381165919282
25,368.0,11.10054347826087,7.0,0.779891304347826,0.3695652173913043
26,178.0,11.724719101123595,3.0,0.8932584269662921,0.48314606741573035
27,309.0,8.686084142394822,15.0,0.7249190938511327,0.5728155339805825
28,840.0,10.382142857142858,12.0,0.8464285714285714,0.7607142857142857
29,619.0,8.159935379644589,26.0,0.8384491114701131,0.7932148626817448
30,263.0,16.688212927756656,1.0,0.8517110266159695,0.6539923954372624
31,414.0,7.495169082125604,10.0,0.7367149758454107,0.5676328502415459
32,347.0,12.0,5.0,0.7636887608069164,0.4956772334293948
33,1289.0,10.201706749418154,29.0,0.7556245151280062,0.6144297905352987
34,851.0,12.401880141010576,12.0,0.8378378378378378,0.7109283196239718
35,350.0,9.137142857142857,5.0,0.7942857142857143,0.5942857142857143
36,786.0,11.344783715012722,18.0,0.8918575063613231,0.7697201017811705
37,667.0,6.586206896551724,16.0,0.6431784107946027,0.6521739130434783
38,819.0,12.085470085470085,18.0,0.851037851037851,0.6251526251526252
39,1378.0,11.290275761973875,44.0,0.7641509433962265,0.5870827285921626
40,1590.0,8.760377358490565,30.0,0.8622641509433963,0.8371069182389937
41,666.0,11.144144144144144,15.0,0.7597597597597597,0.42342342342342343
42,615.0,12.973983739837399,13.0,0.7739837398373983,0.46991869918699186
43,867.0,9.35524798154556,30.0,0.7185697808535179,0.4359861591695502
44,1128.0,13.583333333333334,5.0,0.874113475177305,0.7446808510638298
45,642.0,12.467289719626168,8.0,0.8769470404984424,0.5311526479750779
46,591.0,16.263959390862944,9.0,0.8104906937394247,0.7021996615905245
47,918.0,11.057734204793029,17.0,0.8137254901960784,0.5947712418300654
48,416.0,10.420673076923077,6.0,0.8125,0.49038461538461536
49,403.0,10.630272952853598,7.0,0.8486352357320099,0.5583126550868487
50,1265.0,11.738339920948617,15.0,0.8521739130434782,0.6766798418972332
51,685.0,8.922627737226277,15.0,0.7489051094890511,0.6087591240875913
52,418.0,9.956937799043063,7.0,0.8827751196172249,0.8110047846889952
53,952.0,7.900210084033613,46.0,0.7415966386554622,0.6775210084033614
54,1226.0,11.789559543230016,18.0,0.8890701468189234,0.535889070146819
55,191.0,7.732984293193717,4.0,0.8324607329842932,0.6963350785340314
56,286.0,8.44055944055944,15.0,0.9300699300699301,0.8636363636363636
57,289.0,11.30795847750865,3.0,0.8477508650519031,0.4809688581314879
58,1297.0,13.530454895913646,31.0,0.9252120277563608,0.599845797995374
59,1261.0,10.44091990483743,27.0,0.7858842188739096,0.6510705789056305
60,407.0,12.186732186732186,17.0,0.8894348894348895,0.6388206388206388
61,419.0,10.443914081145584,8.0,0.720763723150358,0.6062052505966588
62,383.0,11.328981723237598,12.0,0.8093994778067886,0.6762402088772846
63,1480.0,9.614189189189188,56.0,0.7655405405405405,0.5689189189189189
64,1357.0,12.263080324244658,18.0,0.8187177597641857,0.6588061901252763
65,1158.0,10.072538860103627,26.0,0.690846286701209,0.41796200345423146
66,533.0,10.829268292682928,16.0,0.8330206378986866,0.6829268292682927
67,1778.0,14.857142857142858,26.0,0.8447694038245219,0.6164229471316085
68,661.0,11.086232980332829,12.0,0.8668683812405447,0.800302571860817
69,1141.0,9.084136722173533,43.0,0.7984224364592463,0.5258545135845749
70,2215.0,11.20316027088036,27.0,0.8162528216704289,0.763882618510158
71,878.0,9.735763097949887,20.0,0.785876993166287,0.5022779043280182
72,581.0,8.662650602409638,7.0,0.7538726333907056,0.6179001721170396
73,806.0,9.311414392059554,25.0,0.7357320099255583,0.5744416873449132
74,971.0,8.858908341915551,12.0,0.7888774459320288,0.721936148300721
75,1594.0,10.455457967377667,47.0,0.8193224592220828,0.5947302383939774
76,531.0,9.813559322033898,11.0,0.7928436911487758,0.67984934086629
77,1328.0,9.43448795180723,37.0,0.7680722891566265,0.5534638554216867
78,997.0,8.378134403209629,39.0,0.7662988966900702,0.6359077231695085
79,822.0,8.936739659367397,30.0,0.8369829683698297,0.6763990267639902
80,562.0,8.927046263345195,10.0,0.7722419928825622,0.6014234875444839
81,972.0,11.517489711934155,19.0,0.852880658436214,0.7993827160493827
82,366.0,8.920765027322405,5.0,0.7950819672131147,0.639344262295082
83,659.0,8.044006069802732,29.0,0.8907435508345979,0.6949924127465857
84,507.0,8.544378698224852,9.0,0.8520710059171598,0.7041420118343196
85,538.0,9.262081784386616,13.0,0.8029739776951673,0.70817843866171
86,513.0,13.64327485380117,8.0,0.7933723196881092,0.6335282651072125
87,599.0,8.854757929883139,26.0,0.9181969949916527,0.7996661101836394
88,898.0,12.060133630289533,18.0,0.821826280623608,0.4955456570155902
89,430.0,9.469767441860466,18.0,0.8604651162790697,0.8976744186046511
90,997.0,7.625877632898696,38.0,0.8104312938816449,0.7522567703109327
91,360.0,9.675,14.0,0.8361111111111111,0.7777777777777778
92,715.0,8.53006993006993,18.0,0.855944055944056,0.6853146853146853
93,1808.0,6.397676991150442,87.0,0.8019911504424779,0.8213495575221239
94,432.0,11.708333333333334,17.0,0.8217592592592593,0.3680555555555556
95,356.0,10.890449438202246,8.0,0.6544943820224719,0.550561797752809
96,1152.0,9.744791666666666,14.0,0.8255208333333334,0.5625
97,901.0,13.059933407325195,16.0,0.8668146503884573,0.6792452830188679
98,1372.0,9.272594752186588,35.0,0.8432944606413995,0.6618075801749271
99,710.0,7.145070422535211,24.0,0.9084507042253521,0.7267605633802817
100,676.0,12.264792899408285,9.0,0.8402366863905325,0.514792899408284
101,659.0,10.365705614567526,17.0,0.8482549317147192,0.6024279210925645
102,538.0,13.58736059479554,18.0,0.8122676579925651,0.5297397769516728
103,390.0,12.22051282051282,11.0,0.8358974358974359,0.44358974358974357
104,466.0,11.32618025751073,18.0,0.8133047210300429,0.44206008583690987
105,1151.0,9.519548218940052,30.0,0.9044309296264118,0.7471763683753258
106,319.0,15.909090909090908,6.0,0.8369905956112853,0.554858934169279
108,656.0,10.451219512195122,15.0,0.7728658536585366,0.4573170731707317
109,25.0,6.96,1.0,0.68,0.76
110,588.0,9.107142857142858,15.0,0.7159863945578231,0.5544217687074829
111,430.0,8.434883720930232,13.0,0.8906976744186047,0.7395348837209302
112,371.0,12.997304582210242,5.0,0.8113207547169812,0.5471698113207547
113,247.0,12.068825910931174,10.0,0.7165991902834008,0.3319838056680162
114,288.0,12.944444444444445,5.0,0.8333333333333334,0.5381944444444444
115,327.0,8.290519877675841,17.0,0.6758409785932722,0.5963302752293578
116,483.0,14.246376811594203,7.0,0.8074534161490683,0.4720496894409938
117,939.0,7.705005324813632,69.0,0.838125665601704,0.6890308839190629
118,1041.0,11.728146013448606,17.0,0.7271853986551393,0.5168107588856868
119,684.0,8.523391812865498,25.0,0.8114035087719298,0.685672514619883
120,815.0,11.067484662576687,31.0,0.807361963190184,0.5950920245398773
121,1624.0,11.907019704433498,16.0,0.8633004926108374,0.6188423645320197
122,2364.0,18.099407783417934,19.0,0.8769035532994924,0.5892554991539763
123,164.0,7.463414634146342,13.0,0.8475609756097561,0.7804878048780488
124,459.0,10.509803921568627,9.0,0.6535947712418301,0.4444444444444444
125,787.0,12.050825921219822,12.0,0.8754764930114358,0.6721728081321474
126,628.0,13.194267515923567,21.0,0.7245222929936306,0.5748407643312102
127,490.0,9.483673469387755,13.0,0.7877551020408163,0.5163265306122449
128,662.0,11.25226586102719,10.0,0.8126888217522659,0.472809667673716
129,262.0,6.919847328244275,21.0,0.7061068702290076,0.41603053435114506
130,1154.0,12.755632582322358,10.0,0.8518197573656846,0.6109185441941074
131,895.0,8.667039106145252,23.0,0.7519553072625699,0.6223463687150838
132,1710.0,9.771929824561404,18.0,0.8678362573099415,0.6713450292397661
133,798.0,10.323308270676693,12.0,0.8458646616541353,0.5939849624060151
134,2464.0,14.933441558441558,21.0,0.8559253246753247,0.7073863636363636
135,1104.0,10.455615942028986,21.0,0.7961956521739131,0.5769927536231884
136,930.0,13.034408602150538,18.0,0.7817204301075269,0.4946236559139785
137,542.0,10.970479704797048,12.0,0.7841328413284133,0.5369003690036901
138,2854.0,11.774001401541696,46.0,0.7869656622284513,0.38892782060266295
139,537.0,9.016759776536313,11.0,0.7374301675977654,0.5921787709497207
140,948.0,12.075949367088608,18.0,0.7278481012658228,0.4936708860759494
141,786.0,9.880407124681934,27.0,0.8346055979643766,0.5610687022900763
142,668.0,11.080838323353293,12.0,0.8368263473053892,0.47155688622754494
143,587.0,8.398637137989779,8.0,0.8620102214650767,0.4787052810902896
144,664.0,9.828313253012048,7.0,0.9412650602409639,0.8283132530120482
145,814.0,7.936117936117936,16.0,0.8243243243243243,0.6412776412776413
147,1143.0,14.951006124234471,20.0,0.8363954505686789,0.7847769028871391
148,327.0,14.296636085626911,9.0,0.8287461773700305,0.5198776758409785
149,1133.0,9.202118270079435,36.0,0.8261253309796999,0.5578111209179171
150,334.0,14.706586826347305,4.0,0.7994011976047904,0.5958083832335329
151,2169.0,12.999538958045182,26.0,0.8750576302443522,0.7003227293683725
152,872.0,13.68348623853211,28.0,0.7935779816513762,0.5252293577981652
153,1364.0,10.35850439882698,18.0,0.8401759530791789,0.5447214076246334
154,416.0,11.701923076923077,9.0,0.7572115384615384,0.4182692307692308
155,820.0,10.21829268292683,33.0,0.8170731707317073,0.6792682926829269
156,174.0,11.425287356321839,6.0,0.6954022988505747,0.6954022988505747
157,1060.0,9.862264150943396,23.0,0.8273584905660377,0.5716981132075472
158,188.0,13.53191489361702,1.0,0.851063829787234,0.5957446808510638
159,1086.0,10.583793738489872,16.0,0.7651933701657458,0.6104972375690608
160,595.0,14.284033613445379,13.0,0.8957983193277311,0.573109243697479
161,999.0,10.701701701701701,13.0,0.8148148148148148,0.6906906906906907
162,487.0,12.462012320328542,9.0,0.7392197125256673,0.5318275154004107
163,754.0,11.339522546419099,8.0,0.8567639257294429,0.6326259946949602
164,584.0,12.301369863013699,9.0,0.7654109589041096,0.6558219178082192
165,1070.0,11.830841121495327,11.0,0.7691588785046729,0.7299065420560747
166,1146.0,12.69458987783595,27.0,0.7844677137870855,0.5209424083769634
167,1114.0,10.358168761220826,16.0,0.822262118491921,0.7468581687612208
168,695.0,13.951079136690648,12.0,0.8129496402877698,0.4805755395683453
169,1492.0,13.021447721179625,26.0,0.7794906166219839,0.6668900804289544
170,572.0,12.763986013986013,19.0,0.8024475524475524,0.6433566433566433
171,961.0,11.389177939646203,6.0,0.8199791883454735,0.6899063475546305
172,475.0,11.663157894736843,7.0,0.7936842105263158,0.4105263157894737
173,1041.0,10.329490874159463,27.0,0.8011527377521613,0.7598463016330451
174,318.0,16.0251572327044,4.0,0.8427672955974843,0.5188679245283019
175,627.0,8.606060606060606,29.0,0.8405103668261563,0.7081339712918661
176,3489.0,9.869303525365435,58.0,0.7850386930352536,0.8320435654915449
177,1761.0,13.088586030664395,25.0,0.8006814310051107,0.7552526973310619
178,621.0,11.732689210950081,12.0,0.8421900161030595,0.7713365539452496
179,974.0,9.717659137577002,19.0,0.7772073921971252,0.6078028747433265
180,447.0,10.476510067114093,9.0,0.8657718120805369,0.49440715883668906
181,1092.0,13.373626373626374,15.0,0.8141025641025641,0.6309523809523809
182,490.0,13.32857142857143,14.0,0.8040816326530612,0.4387755102040816
183,1067.0,11.908153701968136,24.0,0.8125585754451734,0.5923149015932521
184,932.0,11.890557939914164,11.0,0.8412017167381974,0.5439914163090128
185,598.0,7.451505016722408,43.0,0.7491638795986622,0.6538461538461539
186,505.0,15.241584158415842,7.0,0.8534653465346534,0.601980198019802
187,693.0,12.685425685425685,7.0,0.8282828282828283,0.6118326118326118
188,620.0,13.806451612903226,12.0,0.8387096774193549,0.603225806451613
189,1010.0,9.213861386138614,43.0,0.7960396039603961,0.5722772277227722
190,581.0,12.963855421686747,22.0,0.8123924268502581,0.5731497418244407
191,642.0,9.59190031152648,8.0,0.8286604361370716,0.7601246105919003
192,453.0,15.97130242825607,13.0,0.8609271523178808,0.47902869757174393
193,738.0,10.848238482384824,20.0,0.7953929539295393,0.5
194,907.0,13.465270121278941,17.0,0.844542447629548,0.6372657111356119
195,1076.0,10.172862453531598,28.0,0.828996282527881,0.5074349442379182
196,744.0,11.83736559139785,43.0,0.8561827956989247,0.5349462365591398
197,976.0,12.081967213114755,28.0,0.8790983606557377,0.6034836065573771
198,3304.0,9.511198547215496,62.0,0.7993341404358354,0.8196125907990315
199,1159.0,9.252804141501294,45.0,0.6997411561691113,0.6531492666091459
200,904.0,8.576327433628318,26.0,0.8429203539823009,0.6670353982300885
201,1193.0,11.993294216261525,26.0,0.8642078792958927,0.7049455155071249
202,757.0,12.635402906208718,14.0,0.8348745046235139,0.5442536327608983
203,369.0,9.8130081300813,11.0,0.7479674796747967,0.6151761517615176
204,722.0,10.92797783933518,10.0,0.8573407202216067,0.7354570637119113
205,815.0,11.477300613496933,9.0,0.7693251533742331,0.6319018404907976
206,724.0,10.660220994475138,24.0,0.738950276243094,0.6229281767955801
207,794.0,9.929471032745592,13.0,0.8476070528967254,0.8148614609571788
208,762.0,9.913385826771654,28.0,0.8202099737532809,0.5590551181102362
209,167.0,8.221556886227544,8.0,0.7425149700598802,0.5688622754491018
210,242.0,12.016528925619834,7.0,0.8016528925619835,0.5537190082644629
211,634.0,8.509463722397477,14.0,0.7965299684542587,0.6340694006309149
212,700.0,12.354285714285714,28.0,0.78,0.48142857142857143
213,947.0,11.491024287222809,7.0,0.839493136219641,0.8014783526927138
214,464.0,12.245689655172415,12.0,0.853448275862069,0.6336206896551724
215,369.0,8.910569105691057,23.0,0.7723577235772358,0.6666666666666666
216,885.0,11.206779661016949,29.0,0.7322033898305085,0.6406779661016949
217,386.0,9.841968911917098,6.0,0.7383419689119171,0.7072538860103627
218,937.0,9.744930629669156,29.0,0.7630736392742796,0.576307363927428
219,567.0,9.46031746031746,24.0,0.7195767195767195,0.5749559082892416
220,696.0,8.37787356321839,10.0,0.8089080459770115,0.6810344827586207
221,193.0,11.787564766839377,1.0,0.8031088082901554,0.30569948186528495
222,710.0,9.164788732394365,19.0,0.8253521126760563,0.6352112676056338
223,368.0,6.815217391304348,13.0,0.7934782608695652,0.7635869565217391
224,409.0,8.8679706601467,14.0,0.8557457212713936,0.7139364303178484
225,662.0,8.202416918429003,32.0,0.7099697885196374,0.6586102719033232
226,2648.0,7.487537764350453,78.0,0.7753021148036254,0.8462990936555891
227,606.0,9.547854785478547,9.0,0.7574257425742574,0.5247524752475248
228,851.0,10.381903642773208,30.0,0.7626321974148061,0.7309048178613397
229,630.0,9.22063492063492,23.0,0.8476190476190476,0.553968253968254
230,923.0,10.887323943661972,19.0,0.8299024918743229,0.6641386782231853
231,1346.0,9.049777117384844,36.0,0.7830609212481426,0.7429420505200595
232,1122.0,10.3475935828877,37.0,0.8663101604278075,0.5873440285204992
233,572.0,10.95979020979021,7.0,0.7709790209790209,0.6276223776223776
234,419.0,9.973747016706444,11.0,0.8186157517899761,0.6205250596658711
235,446.0,10.681614349775785,11.0,0.8183856502242153,0.3991031390134529
236,720.0,11.5375,20.0,0.8527777777777777,0.6055555555555555
237,377.0,8.801061007957559,16.0,0.8037135278514589,0.7718832891246684
238,685.0,10.41021897810219,21.0,0.8218978102189781,0.7197080291970803
239,926.0,7.311015118790497,29.0,0.6857451403887689,0.8185745140388769
240,836.0,9.92224880382775,19.0,0.812200956937799,0.6052631578947368
241,615.0,8.107317073170732,20.0,0.848780487804878,0.7479674796747967
242,410.0,10.446341463414635,21.0,0.8195121951219512,0.6170731707317073
243,1065.0,11.67887323943662,17.0,0.8375586854460094,0.4375586854460094
244,378.0,12.171957671957673,9.0,0.9021164021164021,0.7195767195767195
245,981.0,8.902140672782874,37.0,0.7767584097859327,0.5677879714576962
246,527.0,12.673624288425048,20.0,0.825426944971537,0.7950664136622391
247,850.0,9.401176470588235,19.0,0.7717647058823529,0.788235294117647
248,1781.0,10.501965188096575,31.0,0.8888265019651881,0.8321167883211679
249,711.0,10.029535864978904,11.0,0.8115330520393812,0.5907172995780591
250,278.0,12.888489208633093,8.0,0.9064748201438849,0.5035971223021583
251,2486.0,10.901045856798069,78.0,0.8515687851971038,0.7139983909895414
252,550.0,11.370909090909091,6.0,0.9181818181818182,0.6781818181818182
253,693.0,8.421356421356421,21.0,0.759018759018759,0.47474747474747475
254,1070.0,10.898130841121496,29.0,0.8813084112149533,0.7
255,711.0,9.360056258790436,31.0,0.7369901547116737,0.6258790436005626
256,410.0,13.397560975609757,8.0,0.8512195121951219,0.40487804878048783
257,643.0,9.511664074650078,9.0,0.8289269051321928,0.5443234836702955
258,365.0,14.53972602739726,13.0,0.7863013698630137,0.43561643835616437
259,348.0,9.24712643678161,8.0,0.8591954022988506,0.5775862068965517
260,432.0,16.66435185185185,6.0,0.9074074074074074,0.5324074074074074
261,1001.0,7.784215784215784,25.0,0.7392607392607392,0.5504495504495505
262,337.0,13.958456973293769,4.0,0.8605341246290801,0.5875370919881305
263,803.0,8.978829389788293,27.0,0.7920298879202988,0.6164383561643836
264,979.0,12.130745658835547,21.0,0.8886618998978549,0.6189989785495403
265,868.0,10.52995391705069,16.0,0.8179723502304147,0.5506912442396313
266,475.0,13.658947368421053,8.0,0.8673684210526316,0.5621052631578948
267,563.0,11.035523978685612,11.0,0.8330373001776199,0.6465364120781527
268,290.0,20.579310344827586,0.0,0.8793103448275862,0.503448275862069
269,658.0,9.164133738601823,25.0,0.6975683890577508,0.47416413373860183
270,284.0,16.179577464788732,2.0,0.8485915492957746,0.4964788732394366
271,720.0,9.654166666666667,22.0,0.6444444444444445,0.5083333333333333
272,414.0,12.42512077294686,11.0,0.9202898550724637,0.642512077294686
273,1054.0,11.276091081593927,14.0,0.8092979127134725,0.5246679316888045
274,375.0,14.514666666666667,5.0,0.9466666666666667,0.6133333333333333
275,663.0,11.873303167420815,10.0,0.77526395173454,0.4539969834087481
276,263.0,11.82509505703422,10.0,0.8821292775665399,0.6653992395437263
277,1107.0,10.781391147244806,34.0,0.7597109304426377,0.5121951219512195
278,298.0,10.748322147651006,15.0,0.8926174496644296,0.7885906040268457
279,1604.0,10.59788029925187,27.0,0.8354114713216958,0.6153366583541147
280,348.0,13.048850574712644,6.0,0.8649425287356322,0.6925287356321839
281,930.0,11.691397849462366,16.0,0.7817204301075269,0.5817204301075268
282,314.0,14.028662420382165,5.0,0.7547770700636943,0.6178343949044586
283,850.0,9.188235294117646,29.0,0.7752941176470588,0.4811764705882353
284,636.0,12.432389937106919,7.0,0.8930817610062893,0.7468553459119497
285,824.0,10.035194174757281,17.0,0.7851941747572816,0.5266990291262136
286,481.0,9.952182952182952,9.0,0.9459459459459459,0.6964656964656964
287,950.0,9.98421052631579,13.0,0.7842105263157895,0.5736842105263158
288,1637.0,13.329260843005498,16.0,0.8259010384850336,0.7189981673793525
289,819.0,10.26984126984127,17.0,0.7973137973137974,0.48473748473748474
290,95.0,11.789473684210526,0.0,0.8842105263157894,0.5894736842105263
291,818.0,10.15403422982885,21.0,0.7775061124694377,0.4242053789731051
292,135.0,10.037037037037036,5.0,0.9185185185185185,0.6888888888888889
293,563.0,9.799289520426287,15.0,0.7371225577264654,0.4689165186500888
294,1044.0,14.443486590038313,33.0,0.8611111111111112,0.6704980842911877
295,1040.0,11.414423076923077,24.0,0.8413461538461539,0.6288461538461538
296,333.0,11.414414414414415,8.0,0.8678678678678678,0.6696696696696697
297,882.0,12.229024943310657,19.0,0.873015873015873,0.6020408163265306
298,224.0,8.808035714285714,7.0,0.8526785714285714,0.6875
299,528.0,10.854166666666666,8.0,0.6325757575757576,0.4659090909090909
300,558.0,13.256272401433693,9.0,0.9247311827956989,0.6236559139784946
301,577.0,12.31889081455806,4.0,0.7746967071057193,0.5285961871750433
302,449.0,13.966592427616927,10.0,0.8485523385300668,0.6391982182628062
303,587.0,6.994889267461669,20.0,0.8160136286201022,0.6984667802385008
304,218.0,13.724770642201834,0.0,0.6972477064220184,0.5825688073394495
305,334.0,8.407185628742514,5.0,0.7574850299401198,0.47904191616766467
306,1016.0,9.961614173228346,43.0,0.875,0.8326771653543307
307,327.0,7.7889908256880735,3.0,0.7431192660550459,0.6299694189602446
308,103.0,10.504854368932039,2.0,0.7475728155339806,0.33980582524271846
309,347.0,11.52449567723343,23.0,0.8357348703170029,0.6743515850144092
310,1050.0,14.664761904761905,17.0,0.86,0.6161904761904762
311,160.0,11.58125,4.0,0.83125,0.6125
312,276.0,13.670289855072463,6.0,0.8985507246376812,0.5253623188405797
313,200.0,12.455,3.0,0.67,0.565
314,525.0,13.358095238095238,12.0,0.7523809523809524,0.4742857142857143
315,231.0,10.285714285714286,3.0,0.8787878787878788,0.5800865800865801
316,229.0,14.663755458515285,9.0,0.7947598253275109,0.462882096069869
317,966.0,13.326086956521738,18.0,0.870600414078675,0.6904761904761905
318,241.0,15.029045643153527,12.0,0.7966804979253111,0.4605809128630705
319,205.0,12.673170731707318,0.0,0.824390243902439,0.6878048780487804
320,1098.0,9.21311475409836,19.0,0.8834244080145719,0.8306010928961749
321,244.0,10.061475409836065,8.0,0.6311475409836066,0.4713114754098361
323,493.0,12.413793103448276,10.0,0.7586206896551724,0.6551724137931034
324,175.0,14.56,3.0,0.7942857142857143,0.46285714285714286
325,184.0,11.478260869565217,3.0,0.842391304347826,0.6902173913043478
326,639.0,10.593114241001565,26.0,0.7449139280125195,0.6557120500782473
327,482.0,13.153526970954356,6.0,0.7904564315352697,0.43983402489626555
328,926.0,11.906047516198704,30.0,0.8174946004319654,0.7084233261339092
329,725.0,12.252413793103448,14.0,0.8593103448275862,0.6772413793103448
330,1535.0,12.57915309446254,25.0,0.8899022801302932,0.6905537459283387
331,219.0,12.41095890410959,5.0,0.8858447488584474,0.5844748858447488
333,153.0,11.281045751633988,3.0,0.8169934640522876,0.5490196078431373
334,109.0,10.605504587155963,0.0,0.926605504587156,0.7614678899082569
335,429.0,13.965034965034965,6.0,0.9277389277389277,0.6317016317016317
336,251.0,14.816733067729084,12.0,0.8645418326693227,0.7091633466135459
337,1207.0,12.646230323115162,17.0,0.7945318972659486,0.6023198011599006
338,125.0,11.28,6.0,0.912,0.624
339,348.0,16.405172413793103,3.0,0.8275862068965517,0.42528735632183906
340,269.0,8.940520446096654,15.0,0.7843866171003717,0.7881040892193308
341,125.0,14.888,3.0,0.672,0.248
342,392.0,7.239795918367347,30.0,0.7857142857142857,0.7831632653061225
343,281.0,12.779359430604982,1.0,0.8327402135231317,0.5088967971530249
344,177.0,11.576271186440678,9.0,0.807909604519774,0.5988700564971752
345,537.0,13.942271880819368,3.0,0.7895716945996276,0.43575418994413406
347,501.0,11.502994011976048,7.0,0.8363273453093812,0.6427145708582834
348,629.0,10.254372019077902,26.0,0.7360890302066773,0.6248012718600954
349,222.0,13.954954954954955,6.0,0.7657657657657657,0.581081081081081
350,153.0,12.738562091503267,4.0,0.8496732026143791,0.5098039215686274
351,650.0,13.784615384615385,6.0,0.7892307692307692,0.6446153846153846
352,581.0,12.194492254733218,15.0,0.8433734939759037,0.8037865748709122
353,484.0,12.919421487603305,7.0,0.8347107438016529,0.5950413223140496
354,193.0,12.155440414507773,1.0,0.7616580310880829,0.9637305699481865
355,160.0,9.9125,5.0,0.875,0.6625
356,244.0,12.081967213114755,9.0,0.8155737704918032,0.5409836065573771
357,803.0,13.534246575342467,19.0,0.8430884184308842,0.6575342465753424
358,1290.0,12.650387596899225,42.0,0.7953488372093023,0.7193798449612403
359,415.0,8.963855421686747,11.0,0.8168674698795181,0.7783132530120482
360,330.0,14.381818181818181,4.0,0.803030303030303,0.4909090909090909
361,666.0,8.965465465465465,13.0,0.8408408408408409,0.6816816816816816
362,124.0,10.903225806451612,3.0,0.6612903225806451,0.5564516129032258
363,942.0,9.726114649681529,27.0,0.8736730360934183,0.6369426751592356
364,347.0,11.452449567723344,11.0,0.7953890489913544,0.5677233429394812
365,172.0,10.267441860465116,6.0,0.7151162790697675,0.7209302325581395
366,398.0,12.525125628140703,12.0,0.7964824120603015,0.6934673366834171
367,540.0,9.031481481481482,26.0,0.7444444444444445,0.6425925925925926
368,417.0,11.371702637889689,6.0,0.7721822541966427,0.7194244604316546
369,329.0,8.957446808510639,5.0,0.8814589665653495,0.6838905775075987
370,585.0,15.596581196581196,8.0,0.8478632478632478,0.7452991452991453
371,691.0,9.729377713458755,16.0,0.7930535455861071,0.5094066570188133
372,181.0,9.215469613259668,1.0,0.9613259668508287,0.6740331491712708
373,660.0,9.024242424242424,25.0,0.753030303030303,0.5742424242424242
374,124.0,11.669354838709678,8.0,0.8870967741935484,0.45161290322580644
375,381.0,9.566929133858268,8.0,0.8530183727034121,0.5721784776902887
376,855.0,14.709941520467837,20.0,0.9111111111111111,0.7380116959064328
377,528.0,14.145833333333334,12.0,0.8712121212121212,0.5416666666666666
378,86.0,11.523255813953488,0.0,0.7558139534883721,0.7674418604651163
379,765.0,8.686274509803921,20.0,0.8431372549019608,0.7202614379084967
380,156.0,10.788461538461538,3.0,0.7948717948717948,0.8525641025641025
381,856.0,9.969626168224298,28.0,0.7932242990654206,0.5794392523364486
382,215.0,9.083720930232559,5.0,0.9348837209302325,0.7441860465116279
383,277.0,11.794223826714802,4.0,0.9350180505415162,0.6389891696750902
384,259.0,13.86872586872587,5.0,0.8687258687258688,0.6332046332046332
385,502.0,8.163346613545817,21.0,0.6713147410358565,0.5697211155378487
386,481.0,14.536382536382536,9.0,0.8898128898128899,0.6195426195426196
387,523.0,9.250478011472275,12.0,0.8986615678776291,0.5296367112810707
388,270.0,12.959259259259259,5.0,0.937037037037037,0.5555555555555556
389,536.0,7.684701492537314,21.0,0.7555970149253731,0.6343283582089553
390,395.0,11.825316455696203,8.0,0.759493670886076,0.769620253164557
391,557.0,7.434470377019749,25.0,0.8096947935368043,0.5403949730700179
392,287.0,14.296167247386759,2.0,0.8257839721254355,0.6411149825783972
393,488.0,7.557377049180328,16.0,0.8299180327868853,0.6331967213114754
394,784.0,14.008928571428571,11.0,0.8367346938775511,0.5803571428571429
395,537.0,8.458100558659218,19.0,0.6312849162011173,0.4729981378026071
396,516.0,13.426356589147288,15.0,0.8488372093023255,0.6627906976744186
397,384.0,10.059895833333334,6.0,0.8307291666666666,0.4921875
398,485.0,13.50721649484536,13.0,0.8927835051546392,0.5484536082474227
399,398.0,11.42713567839196,4.0,0.8316582914572864,0.31155778894472363
400,384.0,17.484375,3.0,0.8619791666666666,0.5416666666666666
401,622.0,8.519292604501608,15.0,0.8086816720257235,0.6109324758842444
402,420.0,21.295238095238094,2.0,0.8928571428571429,0.6190476190476191
403,483.0,11.443064182194616,7.0,0.8322981366459627,0.4927536231884058
404,792.0,11.501262626262626,15.0,0.8661616161616161,0.7373737373737373
405,228.0,8.535087719298245,13.0,0.8201754385964912,0.4605263157894737
406,420.0,13.028571428571428,8.0,0.8690476190476191,0.5285714285714286
407,256.0,9.26953125,9.0,0.88671875,0.73046875
408,314.0,14.340764331210192,9.0,0.8312101910828026,0.27070063694267515
409,627.0,12.333333333333334,16.0,0.8038277511961722,0.7352472089314195
410,152.0,12.75,2.0,0.7828947368421053,0.39473684210526316
411,544.0,12.222426470588236,8.0,0.8290441176470589,0.5533088235294118
412,156.0,12.955128205128204,2.0,0.8461538461538461,0.5512820512820513
413,769.0,11.18855656697009,14.0,0.8244473342002601,0.43302990897269183
414,607.0,12.909390444810544,10.0,0.8056013179571664,0.7051070840197694
415,775.0,11.88,17.0,0.7470967741935484,0.5277419354838709
416,257.0,12.04669260700389,7.0,0.5914396887159533,0.7120622568093385
417,265.0,7.456603773584906,2.0,0.7358490566037735,0.49056603773584906
418,474.0,12.871308016877638,18.0,0.6814345991561181,0.5189873417721519
419,609.0,9.901477832512315,4.0,0.8587848932676518,0.5139573070607554
420,438.0,11.509132420091325,13.0,0.7511415525114156,0.6141552511415526
421,467.0,7.715203426124197,19.0,0.7451820128479657,0.47751605995717344
422,603.0,13.306799336650084,8.0,0.8490878938640133,0.7661691542288557
423,399.0,7.238095238095238,13.0,0.8521303258145363,0.5238095238095238
424,834.0,13.643884892086332,16.0,0.8309352517985612,0.6378896882494005
425,576.0,8.229166666666666,12.0,0.8107638888888888,0.4635416666666667
426,775.0,14.407741935483871,13.0,0.895483870967742,0.7058064516129032
427,534.0,8.657303370786517,10.0,0.7584269662921348,0.5599250936329588
428,441.0,15.45124716553288,2.0,0.8684807256235828,0.5011337868480725
429,273.0,6.538461538461538,18.0,0.6190476190476191,0.47619047619047616
430,545.0,13.744954128440368,1.0,0.9192660550458716,0.5559633027522936
431,638.0,9.816614420062695,25.0,0.7163009404388715,0.5846394984326019
432,482.0,9.446058091286307,11.0,0.8796680497925311,0.7842323651452282
433,291.0,8.034364261168385,7.0,0.718213058419244,0.281786941580756
434,665.0,14.204511278195488,12.0,0.8796992481203008,0.7037593984962406
435,251.0,10.565737051792828,3.0,0.8047808764940239,0.450199203187251
436,455.0,14.169230769230769,8.0,0.9098901098901099,0.5582417582417583
437,277.0,11.35740072202166,2.0,0.8808664259927798,0.5812274368231047
438,258.0,10.170542635658915,3.0,0.8372093023255814,0.9457364341085271
439,396.0,13.042929292929292,16.0,0.7929292929292929,0.5252525252525253
440,608.0,12.842105263157896,9.0,0.819078947368421,0.8075657894736842
441,251.0,9.278884462151394,13.0,0.545816733067729,0.46215139442231074
442,479.0,13.77035490605428,8.0,0.7724425887265136,0.7390396659707724
443,292.0,9.215753424657533,18.0,0.8287671232876712,0.5205479452054794
444,1075.0,12.662325581395349,14.0,0.838139534883721,0.6827906976744186
445,295.0,8.654237288135594,15.0,0.5220338983050847,0.376271186440678
446,137.0,12.335766423357665,1.0,0.8175182481751825,0.5766423357664233
447,223.0,6.0941704035874436,12.0,0.5829596412556054,0.7085201793721974
448,636.0,13.283018867924529,7.0,0.8930817610062893,0.7405660377358491
449,192.0,8.348958333333334,12.0,0.7447916666666666,0.734375
450,386.0,13.761658031088082,4.0,0.8989637305699482,0.772020725388601
452,520.0,13.151923076923078,3.0,0.7346153846153847,0.8076923076923077
453,102.0,4.882352941176471,6.0,0.696078431372549,0.5882352941176471
454,465.0,12.243010752688171,5.0,0.7741935483870968,0.6946236559139785
455,35.0,8.571428571428571,1.0,0.4857142857142857,0.5714285714285714
456,731.0,12.705882352941176,9.0,0.8166894664842681,0.7236662106703147
457,191.0,15.094240837696335,0.0,0.8691099476439791,0.6020942408376964
458,865.0,11.795375722543353,8.0,0.8716763005780347,0.7098265895953757
459,195.0,13.594871794871795,0.0,0.8666666666666667,0.6307692307692307
460,969.0,11.83797729618163,19.0,0.8276573787409701,0.6769865841073271
461,119.0,14.756302521008404,1.0,0.9327731092436975,0.6470588235294118
462,284.0,9.232394366197184,16.0,0.8169014084507042,0.6549295774647887
463,158.0,14.367088607594937,3.0,0.759493670886076,0.2721518987341772
464,533.0,14.352720450281426,18.0,0.9024390243902439,0.5684803001876173
465,210.0,13.261904761904763,3.0,0.8809523809523809,0.5857142857142857
466,198.0,12.969696969696969,2.0,0.8585858585858586,0.6161616161616161
467,209.0,12.239234449760765,6.0,0.784688995215311,0.11483253588516747
468,562.0,10.816725978647687,15.0,0.8683274021352313,0.802491103202847
469,220.0,12.85909090909091,4.0,0.7909090909090909,0.1590909090909091
470,578.0,12.067474048442907,9.0,0.9204152249134948,0.7249134948096886
471,139.0,14.057553956834532,1.0,0.7410071942446043,0.45323741007194246
472,847.0,14.56788665879575,11.0,0.9527744982290437,0.7697756788665879
473,204.0,11.455882352941176,0.0,0.8137254901960784,0.6274509803921569
474,295.0,16.14915254237288,2.0,0.9559322033898305,0.5254237288135594
475,423.0,10.591016548463356,4.0,0.6453900709219859,0.4444444444444444
476,430.0,15.967441860465117,5.0,0.8837209302325582,0.713953488372093
477,336.0,10.285714285714286,17.0,0.8095238095238095,0.5
478,594.0,15.7996632996633,27.0,0.8249158249158249,0.5925925925925926
479,384.0,12.559895833333334,3.0,0.7369791666666666,0.5833333333333334
480,493.0,12.647058823529411,4.0,0.8722109533468559,0.7241379310344828
481,292.0,10.547945205479452,5.0,0.8424657534246576,0.5856164383561644
482,527.0,12.117647058823529,11.0,0.7115749525616698,0.7571157495256167
483,199.0,15.844221105527637,4.0,0.864321608040201,0.5778894472361809
484,1210.0,12.666115702479338,27.0,0.7619834710743801,0.5636363636363636
485,655.0,9.56030534351145,14.0,0.7923664122137405,0.5114503816793893
486,137.0,10.664233576642335,1.0,0.8905109489051095,0.8029197080291971
488,258.0,11.437984496124031,9.0,0.8062015503875969,0.6782945736434108
489,185.0,11.85945945945946,3.0,0.8810810810810811,0.6702702702702703
490,340.0,11.741176470588234,2.0,0.6764705882352942,0.8352941176470589
491,185.0,8.637837837837838,14.0,0.7513513513513513,0.32432432432432434
492,581.0,17.549053356282272,6.0,0.8244406196213425,0.5783132530120482
493,311.0,8.82315112540193,20.0,0.8327974276527331,0.572347266881029
494,368.0,12.652173913043478,1.0,0.7934782608695652,0.7989130434782609
495,307.0,12.345276872964169,3.0,0.7947882736156352,0.38436482084690554
496,609.0,13.35303776683087,11.0,0.7192118226600985,0.6108374384236454
497,402.0,10.101990049751244,11.0,0.753731343283582,0.599502487562189
498,271.0,14.512915129151292,4.0,0.8782287822878229,0.6605166051660517
499,591.0,9.969543147208121,8.0,0.8291032148900169,0.6345177664974619
500,522.0,13.32375478927203,5.0,0.9291187739463601,0.7432950191570882
501,413.0,10.39951573849879,5.0,0.8426150121065376,0.559322033898305
502,244.0,11.823770491803279,2.0,0.7377049180327869,0.36475409836065575
503,199.0,11.899497487437186,5.0,0.8442211055276382,0.4371859296482412
504,663.0,11.16289592760181,14.0,0.8310708898944194,0.7888386123680241
505,409.0,10.603911980440097,11.0,0.7970660146699267,0.3105134474327628
506,579.0,14.632124352331607,5.0,0.9309153713298791,0.7322970639032815
507,625.0,11.0016,11.0,0.7424,0.3904
508,271.0,17.512915129151292,5.0,0.9003690036900369,0.5977859778597786
509,230.0,8.347826086956522,13.0,0.8521739130434782,0.3130434782608696
510,255.0,12.694117647058823,3.0,0.9647058823529412,0.7411764705882353
511,466.0,9.843347639484978,9.0,0.8025751072961373,0.5171673819742489
512,639.0,11.564945226917057,6.0,0.9092331768388107,0.7715179968701096
513,477.0,11.324947589098532,18.0,0.790356394129979,0.48218029350104824
514,210.0,14.071428571428571,6.0,0.8285714285714286,0.8333333333333334
515,507.0,12.548323471400394,12.0,0.8264299802761341,0.5739644970414202
516,1165.0,13.040343347639485,10.0,0.8420600858369098,0.7459227467811159
517,467.0,12.098501070663811,17.0,0.8650963597430407,0.683083511777302
518,561.0,13.3475935828877,8.0,0.8966131907308378,0.82174688057041
519,479.0,9.22338204592902,16.0,0.8455114822546973,0.6680584551148225
520,567.0,12.770723104056437,8.0,0.9259259259259259,0.7442680776014109
521,180.0,11.955555555555556,4.0,0.7722222222222223,0.2222222222222222
522,256.0,14.23046875,4.0,0.96875,0.7890625
523,239.0,7.912133891213389,12.0,0.8661087866108786,0.606694560669456
524,351.0,11.507122507122507,3.0,0.9344729344729344,0.8262108262108262
525,299.0,12.207357859531772,10.0,0.8662207357859532,0.4180602006688963
526,569.0,15.732864674868189,6.0,0.9050966608084359,0.7486818980667839
527,293.0,7.7815699658703075,5.0,0.8771331058020477,0.621160409556314
528,580.0,15.894827586206896,3.0,0.7965517241379311,0.7137931034482758
529,210.0,13.228571428571428,5.0,0.8142857142857143,0.2904761904761905
530,371.0,14.091644204851752,4.0,0.8221024258760108,0.6495956873315364
531,689.0,10.48911465892598,10.0,0.8214804063860668,0.4644412191582003
532,370.0,15.464864864864865,3.0,0.8324324324324325,0.654054054054054
533,324.0,15.299382716049383,0.0,0.8611111111111112,0.27469135802469136
534,225.0,15.68,3.0,0.6533333333333333,0.5911111111111111
535,427.0,11.442622950819672,4.0,0.8852459016393442,0.5409836065573771
537,210.0,10.1,0.0,0.8761904761904762,0.24761904761904763
538,396.0,14.83838383838384,5.0,0.7752525252525253,0.6590909090909091
539,661.0,10.626323751891075,5.0,0.6414523449319214,0.3555219364599092
540,383.0,11.070496083550914,5.0,0.8772845953002611,0.7545691906005222
542,849.0,12.838633686690224,14.0,0.7396937573616019,0.751472320376914
543,108.0,6.9907407407407405,3.0,0.6481481481481481,0.7037037037037037
544,304.0,15.039473684210526,4.0,0.6480263157894737,0.6677631578947368
545,414.0,10.246376811594203,9.0,0.8188405797101449,0.4082125603864734
546,260.0,13.238461538461538,8.0,0.8,0.5692307692307692
547,458.0,10.620087336244541,11.0,0.6877729257641921,0.3537117903930131
548,608.0,12.983552631578947,10.0,0.78125,0.65625
549,511.0,8.941291585127201,27.0,0.6966731898238747,0.44031311154598823
550,227.0,12.634361233480176,1.0,0.6916299559471366,0.6211453744493393
551,667.0,8.380809595202399,20.0,0.7646176911544228,0.4662668665667166
552,570.0,13.675438596491228,10.0,0.6771929824561403,0.6210526315789474
553,526.0,8.82509505703422,19.0,0.785171102661597,0.4695817490494297
554,467.0,11.23982869379015,12.0,0.6423982869379015,0.7922912205567452
555,442.0,7.861990950226244,27.0,0.7963800904977375,0.5248868778280543
556,675.0,9.700740740740741,17.0,0.7422222222222222,0.8192592592592592
557,578.0,10.185121107266436,16.0,0.7474048442906575,0.38581314878892736
558,518.0,12.416988416988417,7.0,0.7374517374517374,0.752895752895753
559,82.0,10.609756097560975,5.0,0.6829268292682927,0.21951219512195122
560,549.0,16.41165755919854,6.0,0.7978142076502732,0.6138433515482696
561,378.0,9.634920634920634,2.0,0.8703703703703703,0.7301587301587301
562,457.0,17.599562363238512,3.0,0.8468271334792122,0.7811816192560175
563,341.0,9.70674486803519,7.0,0.8680351906158358,0.6686217008797654
564,419.0,15.379474940334129,10.0,0.8138424821002387,0.7995226730310262
565,387.0,10.0671834625323,9.0,0.8191214470284238,0.6201550387596899
566,446.0,16.769058295964125,5.0,0.804932735426009,0.7645739910313901
567,666.0,13.391891891891891,11.0,0.7477477477477478,0.5945945945945946
568,708.0,14.351694915254237,26.0,0.8163841807909604,0.5056497175141242
569,190.0,10.342105263157896,3.0,0.9526315789473684,0.7052631578947368
570,317.0,17.274447949526813,3.0,0.6719242902208202,0.7192429022082019
571,319.0,9.993730407523511,6.0,0.7053291536050157,0.542319749216301
572,45.0,16.822222222222223,2.0,0.7111111111111111,0.26666666666666666
573,228.0,9.75438596491228,5.0,0.7192982456140351,0.618421052631579
574,201.0,18.691542288557216,1.0,0.9402985074626866,0.8656716417910447
575,279.0,9.365591397849462,5.0,0.7598566308243727,0.3978494623655914
576,199.0,20.974874371859297,3.0,0.9296482412060302,0.9195979899497487
577,261.0,11.544061302681992,6.0,0.5938697318007663,0.4329501915708812
578,206.0,13.820388349514563,6.0,0.8737864077669902,0.7864077669902912
579,467.0,9.182012847965739,5.0,0.7323340471092077,0.5738758029978587
580,475.0,13.791578947368421,15.0,0.7663157894736842,0.7957894736842105
581,332.0,11.846385542168674,4.0,0.8554216867469879,0.5843373493975904
582,681.0,13.368575624082233,30.0,0.801762114537445,0.7459618208516887
583,370.0,9.162162162162161,9.0,0.6972972972972973,0.3081081081081081
584,127.0,13.299212598425196,2.0,0.7086614173228346,0.6220472440944882
585,360.0,9.502777777777778,5.0,0.6805555555555556,0.26944444444444443
586,163.0,15.36196319018405,3.0,0.8711656441717791,0.5337423312883436
587,327.0,9.1651376146789,3.0,0.6636085626911316,0.3547400611620795
588,137.0,10.547445255474452,1.0,0.6715328467153284,0.7372262773722628
589,548.0,9.291970802919709,11.0,0.6970802919708029,0.5072992700729927
590,394.0,10.852791878172589,10.0,0.8274111675126904,0.7182741116751269
591,686.0,11.088921282798834,13.0,0.7915451895043731,0.40233236151603496
592,373.0,16.257372654155496,5.0,0.8471849865951743,0.5603217158176944
593,612.0,10.562091503267974,15.0,0.7826797385620915,0.3284313725490196
594,286.0,16.53846153846154,7.0,0.8566433566433567,0.6958041958041958
595,467.0,11.937901498929337,15.0,0.7109207708779444,0.33832976445396146
596,388.0,16.992268041237114,5.0,0.7577319587628866,0.6262886597938144
598,414.0,15.61352657004831,8.0,0.5942028985507246,0.6811594202898551
599,157.0,14.535031847133759,3.0,0.9044585987261147,0.4140127388535032
600,553.0,15.945750452079565,11.0,0.5768535262206148,0.701627486437613
601,173.0,11.6878612716763,1.0,0.838150289017341,0.4161849710982659
603,126.0,14.174603174603174,0.0,0.9682539682539683,0.5317460317460317
606,364.0,15.89010989010989,8.0,0.7362637362637363,0.7197802197802198
608,558.0,12.11111111111111,19.0,0.6577060931899642,0.7634408602150538
610,202.0,13.331683168316832,1.0,0.8217821782178217,0.806930693069307
612,645.0,10.61860465116279,11.0,0.8031007751937984,0.827906976744186
614,336.0,11.032738095238095,7.0,0.8779761904761905,0.8452380952380952
616,316.0,11.189873417721518,4.0,0.7341772151898734,0.930379746835443
618,310.0,16.761290322580646,2.0,0.932258064516129,0.8806451612903226
619,188.0,12.930851063829786,5.0,0.8138297872340425,0.6808510638297872
620,675.0,10.985185185185186,15.0,0.725925925925926,0.7540740740740741
621,203.0,9.793103448275861,5.0,0.7783251231527094,0.7093596059113301
622,569.0,11.318101933216168,18.0,0.6994727592267135,0.8242530755711776
623,271.0,13.579335793357934,5.0,0.8819188191881919,0.7047970479704797
624,0.0,,0.0,0.0,0.0
625,338.0,13.289940828402367,10.0,0.8609467455621301,0.6331360946745562
626,579.0,14.345423143350605,9.0,0.770293609671848,0.7219343696027634
627,399.0,15.513784461152882,3.0,0.6842105263157895,0.40350877192982454
628,168.0,10.75,6.0,0.625,0.7678571428571429
629,284.0,13.79225352112676,3.0,0.8028169014084507,0.4753521126760563
630,113.0,9.805309734513274,3.0,0.8938053097345132,0.6283185840707964
632,418.0,13.87799043062201,10.0,0.8325358851674641,0.6220095693779905
635,309.0,13.29126213592233,4.0,0.8737864077669902,0.6148867313915858
636,213.0,18.079812206572768,3.0,0.892018779342723,0.4460093896713615
637,640.0,13.60625,11.0,0.7734375,0.5453125
638,989.0,13.935288169868555,15.0,0.8058645096056622,0.7391304347826086
639,314.0,16.493630573248407,6.0,0.7070063694267515,0.47770700636942676
640,237.0,15.734177215189874,2.0,0.8607594936708861,0.4978902953586498
642,343.0,14.008746355685131,14.0,0.8163265306122449,0.4518950437317784
644,319.0,16.545454545454547,4.0,0.8652037617554859,0.3542319749216301
645,411.0,13.681265206812652,5.0,0.7785888077858881,0.49878345498783455
646,787.0,14.592121982210928,15.0,0.7814485387547649,0.6581956797966964
648,216.0,15.912037037037036,1.0,0.8842592592592593,0.6296296296296297
650,912.0,12.421052631578947,28.0,0.7346491228070176,0.6984649122807017
652,244.0,19.09016393442623,8.0,0.9221311475409836,0.5532786885245902
654,929.0,15.371367061356297,15.0,0.8675995694294941,0.5059203444564048
656,982.0,12.840122199592669,15.0,0.8228105906313645,0.6894093686354379
658,239.0,19.288702928870293,1.0,0.8870292887029289,0.5104602510460251
659,301.0,13.966777408637874,6.0,0.7740863787375415,0.44518272425249167
660,932.0,15.271459227467812,10.0,0.9002145922746781,0.6233905579399142
661,281.0,15.167259786476869,0.0,0.7686832740213523,0.3309608540925267
662,282.0,10.570921985815604,1.0,0.8333333333333334,0.5957446808510638
663,583.0,16.49056603773585,2.0,0.9416809605488851,0.47855917667238423
664,2053.0,11.84169508037019,20.0,0.8811495372625426,0.7686312713102776
666,85.0,18.611764705882354,1.0,0.6352941176470588,0.7647058823529411
669,200.0,14.36,3.0,0.755,0.265
670,309.0,13.550161812297734,2.0,0.8964401294498382,0.598705501618123
671,399.0,12.596491228070175,2.0,0.9097744360902256,0.5463659147869674
672,90.0,15.411111111111111,6.0,0.7555555555555555,0.4111111111111111
674,163.0,16.14723926380368,3.0,0.803680981595092,0.5644171779141104
676,184.0,16.86413043478261,6.0,0.8695652173913043,0.44021739130434784
677,408.0,14.132352941176471,4.0,0.9264705882352942,0.5049019607843137
678,223.0,21.05829596412556,1.0,0.9192825112107623,0.19282511210762332
679,327.0,15.064220183486238,4.0,0.8899082568807339,0.3241590214067278
680,847.0,14.046044864226682,10.0,0.8358913813459268,0.6989374262101535
682,441.0,13.290249433106576,8.0,0.8752834467120182,0.7278911564625851
683,215.0,10.986046511627906,2.0,0.7209302325581395,0.49767441860465117
686,233.0,19.3519313304721,1.0,0.8884120171673819,0.6437768240343348
687,242.0,13.590909090909092,5.0,0.8099173553719008,0.371900826446281
688,132.0,18.0,1.0,0.9772727272727273,0.5833333333333334
690,651.0,10.663594470046084,12.0,0.8571428571428571,0.7357910906298003
692,246.0,17.67479674796748,1.0,0.926829268292683,0.4796747967479675
693,135.0,12.503703703703703,2.0,0.6592592592592592,0.31851851851851853
694,373.0,12.158176943699733,9.0,0.8445040214477212,0.6648793565683646
695,205.0,16.214634146341464,2.0,0.8585365853658536,0.2146341463414634
698,221.0,15.53393665158371,2.0,0.8054298642533937,0.42081447963800905
700,248.0,12.17741935483871,4.0,0.7459677419354839,0.6411290322580645
703,295.0,13.60677966101695,2.0,0.8508474576271187,0.3423728813559322
706,682.0,11.777126099706745,8.0,0.8108504398826979,0.6539589442815249
707,388.0,18.912371134020617,0.0,0.8350515463917526,0.43556701030927836
709,433.0,13.558891454965359,3.0,0.7967667436489607,0.558891454965358
711,391.0,11.662404092071611,3.0,0.7953964194373402,0.36061381074168797
716,4.0,20.25,0.0,1.0,1.0
719,203.0,14.394088669950738,6.0,0.6502463054187192,0.4236453201970443
720,199.0,15.99497487437186,0.0,0.8442211055276382,0.2864321608040201
721,271.0,14.933579335793358,5.0,0.6789667896678967,0.39114391143911437
722,285.0,18.37543859649123,2.0,0.8385964912280702,0.256140350877193
723,679.0,13.901325478645067,3.0,0.8777614138438881,0.6833578792341679
724,244.0,20.868852459016395,3.0,0.8442622950819673,0.3319672131147541
726,214.0,17.953271028037385,6.0,0.7570093457943925,0.3411214953271028
728,260.0,18.846153846153847,1.0,0.7923076923076923,0.3076923076923077
729,376.0,18.654255319148938,1.0,0.875,0.3484042553191489
730,223.0,19.883408071748878,5.0,0.9237668161434978,0.43946188340807174
731,381.0,15.535433070866143,3.0,0.868766404199475,0.6824146981627297
732,180.0,13.238888888888889,7.0,0.7333333333333333,0.6333333333333333
734,127.0,15.31496062992126,0.0,0.8031496062992126,0.33070866141732286
736,169.0,13.923076923076923,3.0,0.757396449704142,0.5621301775147929
737,207.0,10.647342995169081,2.0,0.8695652173913043,0.5603864734299517
738,242.0,13.03305785123967,4.0,0.8016528925619835,0.6033057851239669
739,394.0,9.67258883248731,5.0,0.7918781725888325,0.6370558375634517
740,176.0,13.596590909090908,4.0,0.8409090909090909,0.4034090909090909
741,301.0,10.345514950166113,2.0,0.867109634551495,0.5116279069767442
742,195.0,15.876923076923077,3.0,0.8666666666666667,0.29743589743589743
743,299.0,17.50836120401338,10.0,0.882943143812709,0.3745819397993311
744,285.0,14.035087719298245,2.0,0.8666666666666667,0.3824561403508772
745,125.0,12.624,1.0,0.68,0.616
746,268.0,13.559701492537313,3.0,0.8134328358208955,0.5895522388059702
747,308.0,14.470779220779221,4.0,0.8571428571428571,0.5909090909090909
748,267.0,14.625468164794007,3.0,0.9288389513108615,0.7378277153558053
749,85.0,17.50588235294118,0.0,0.9647058823529412,0.7647058823529411
750,213.0,14.492957746478874,1.0,0.9295774647887324,0.7887323943661971
752,221.0,12.402714932126697,2.0,0.8506787330316742,0.8461538461538461
754,290.0,14.889655172413793,1.0,0.8758620689655172,0.47586206896551725
756,334.0,15.365269461077844,5.0,0.8922155688622755,0.7365269461077845
758,405.0,13.958024691358025,3.0,0.8691358024691358,0.6370370370370371
760,192.0,15.057291666666666,3.0,0.7708333333333334,0.671875
762,206.0,14.160194174757281,2.0,0.7572815533980582,0.6699029126213593
764,300.0,17.966666666666665,2.0,0.87,0.62
766,144.0,13.527777777777779,2.0,0.7638888888888888,0.5069444444444444
768,318.0,12.732704402515724,5.0,0.7012578616352201,0.6446540880503144
770,222.0,14.698198198198199,5.0,0.8333333333333334,0.5585585585585585
772,371.0,13.22911051212938,6.0,0.7897574123989218,0.5633423180592992
773,205.0,19.41951219512195,2.0,0.751219512195122,0.5707317073170731
774,120.0,10.15,6.0,0.7,0.5
775,451.0,21.42128603104213,1.0,0.8226164079822617,0.43680709534368073
776,154.0,10.603896103896103,2.0,0.7857142857142857,0.4090909090909091
780,146.0,18.32191780821918,0.0,0.8424657534246576,0.3972602739726027
782,134.0,16.604477611940297,1.0,0.8731343283582089,0.48507462686567165
784,173.0,13.54335260115607,6.0,0.8554913294797688,0.5780346820809249
786,174.0,12.775862068965518,0.0,0.8333333333333334,0.6896551724137931
788,310.0,11.293548387096774,2.0,0.8096774193548387,0.667741935483871
790,619.0,10.30210016155089,14.0,0.9030694668820679,0.8061389337641357
792,638.0,10.653605015673982,9.0,0.8746081504702194,0.8448275862068966
793,3.0,23.0,0.0,0.3333333333333333,0.6666666666666666
794,152.0,8.69078947368421,8.0,0.7171052631578947,0.5
799,366.0,11.382513661202186,7.0,0.773224043715847,0.505464480874317
800,299.0,13.237458193979933,2.0,0.9464882943143813,0.8494983277591973
802,178.0,15.595505617977528,2.0,0.9269662921348315,0.6348314606741573
804,167.0,11.1437125748503,2.0,0.7964071856287425,0.6167664670658682
806,157.0,14.573248407643312,2.0,0.9299363057324841,0.5859872611464968
808,75.0,12.693333333333333,0.0,0.88,0.7466666666666667
809,994.0,14.629778672032193,21.0,0.806841046277666,0.5945674044265593
810,149.0,16.248322147651006,4.0,0.9530201342281879,0.6174496644295302
814,657.0,16.32267884322679,4.0,0.8112633181126332,0.5540334855403348
816,119.0,15.84873949579832,6.0,0.907563025210084,0.5966386554621849
818,602.0,14.264119601328904,11.0,0.8338870431893688,0.6528239202657807
820,129.0,10.13953488372093,12.0,0.7441860465116279,0.6744186046511628
822,160.0,10.09375,8.0,0.9125,0.78125
824,166.0,13.204819277108435,0.0,0.8012048192771084,0.4759036144578313
826,261.0,8.375478927203066,2.0,0.8697318007662835,0.7471264367816092
828,198.0,8.176767676767676,4.0,0.8434343434343434,0.7222222222222222
830,225.0,10.773333333333333,3.0,0.8488888888888889,0.7066666666666667
832,122.0,17.30327868852459,0.0,0.8688524590163934,0.5
834,92.0,20.97826086956522,0.0,0.9347826086956522,0.3695652173913043
836,146.0,14.047945205479452,1.0,0.8698630136986302,0.5
837,882.0,12.674603174603174,12.0,0.8049886621315193,0.6666666666666666
838,957.0,15.681295715778475,6.0,0.864158829676071,0.7199582027168234
840,878.0,14.853075170842825,19.0,0.8815489749430524,0.6264236902050114
845,263.0,14.087452471482889,4.0,0.8479087452471483,0.6806083650190115
846,162.0,14.518518518518519,0.0,0.8580246913580247,0.5740740740740741
848,74.0,16.864864864864863,2.0,0.972972972972973,0.7432432432432432
849,210.0,9.8,5.0,0.7428571428571429,0.5238095238095238
850,203.0,17.06896551724138,2.0,0.9014778325123153,0.8669950738916257
853,176.0,12.534090909090908,3.0,0.8181818181818182,0.45454545454545453
854,162.0,17.006172839506174,1.0,0.9012345679012346,0.6851851851851852
855,153.0,12.196078431372548,6.0,0.803921568627451,0.45098039215686275
856,143.0,10.909090909090908,2.0,0.8671328671328671,0.5944055944055944
857,123.0,11.59349593495935,6.0,0.8699186991869918,0.6097560975609756
858,126.0,17.214285714285715,4.0,0.9365079365079365,0.7936507936507936
859,223.0,11.914798206278027,3.0,0.8116591928251121,0.6457399103139013
860,161.0,13.062111801242237,0.0,0.9503105590062112,0.9565217391304348
861,170.0,8.876470588235295,0.0,0.9705882352941176,0.8470588235294118
862,104.0,11.788461538461538,0.0,0.9326923076923077,0.8846153846153846
863,144.0,11.597222222222221,4.0,0.8333333333333334,0.6597222222222222
864,403.0,15.431761786600497,9.0,0.8312655086848635,0.56575682382134
865,191.0,14.225130890052355,4.0,0.6492146596858639,0.33507853403141363
866,225.0,11.324444444444444,3.0,0.9111111111111111,0.6
868,186.0,7.548387096774194,1.0,0.9408602150537635,0.6881720430107527
869,292.0,9.198630136986301,11.0,0.702054794520548,0.3732876712328767
870,239.0,14.518828451882845,2.0,0.7740585774058577,0.5564853556485355
871,162.0,8.537037037037036,8.0,0.6049382716049383,0.41358024691358025
872,155.0,17.806451612903224,2.0,0.9870967741935484,0.3032258064516129
876,149.0,12.201342281879194,7.0,0.9261744966442953,0.7046979865771812
878,207.0,9.454106280193237,1.0,0.9565217391304348,0.821256038647343
880,125.0,15.04,7.0,0.976,0.712
882,184.0,19.57608695652174,1.0,0.9184782608695652,0.28804347826086957
884,1452.0,10.634986225895316,58.0,0.768595041322314,0.8168044077134986
886,215.0,14.134883720930233,6.0,0.813953488372093,0.5302325581395348
888,253.0,11.810276679841897,3.0,0.7944664031620553,0.7193675889328063
890,247.0,14.287449392712551,7.0,0.8663967611336032,0.4817813765182186
892,2425.0,11.902268041237113,81.0,0.7657731958762887,0.7096907216494845
894,231.0,13.0,2.0,0.7922077922077922,0.3939393939393939
896,170.0,15.876470588235295,5.0,0.9,0.7411764705882353
898,161.0,16.757763975155278,1.0,0.968944099378882,0.6024844720496895
900,332.0,10.602409638554217,13.0,0.9096385542168675,0.6596385542168675
902,143.0,10.48951048951049,3.0,0.9440559440559441,0.6853146853146853
906,123.0,9.284552845528456,5.0,0.7723577235772358,0.7398373983739838
907,706.0,8.252124645892351,15.0,0.5736543909348442,0.5736543909348442
908,250.0,7.928,12.0,0.856,0.808
910,94.0,4.8936170212765955,9.0,0.8936170212765957,0.9574468085106383
912,73.0,15.684931506849315,2.0,0.9041095890410958,0.726027397260274
916,266.0,15.105263157894736,9.0,0.8984962406015038,0.5864661654135338
918,283.0,11.625441696113073,12.0,0.8833922261484098,0.38515901060070673
919,470.0,10.982978723404255,2.0,0.7914893617021277,0.502127659574468
920,271.0,12.833948339483396,7.0,0.7158671586715867,0.3025830258302583
922,1172.0,10.464163822525597,39.0,0.5938566552901023,0.6032423208191127
924,282.0,9.446808510638299,7.0,0.8794326241134752,0.7446808510638298
925,422.0,10.438388625592417,4.0,0.6943127962085308,0.43364928909952605
928,955.0,8.19476439790576,38.0,0.6921465968586388,0.7392670157068063
929,591.0,13.470389170896786,7.0,0.7597292724196277,0.24534686971235195
930,152.0,15.710526315789474,2.0,0.9605263157894737,0.375
932,107.0,14.214953271028037,2.0,0.7009345794392523,0.5046728971962616
934,264.0,16.075757575757574,1.0,0.8787878787878788,0.38636363636363635
936,154.0,15.935064935064934,5.0,0.9285714285714286,0.577922077922078
938,435.0,6.698850574712644,20.0,0.5517241379310345,0.9103448275862069
939,768.0,11.018229166666666,17.0,0.72265625,0.3841145833333333
945,1287.0,11.428127428127429,31.0,0.8982128982128982,0.7731157731157731
946,359.0,16.26740947075209,2.0,0.8384401114206128,0.7158774373259053
947,262.0,10.057251908396946,4.0,0.7938931297709924,0.4580152671755725
950,263.0,19.026615969581748,3.0,0.8555133079847909,0.4144486692015209
954,1108.0,8.839350180505415,35.0,0.6489169675090253,0.6877256317689531
956,286.0,18.332167832167833,6.0,0.8811188811188811,0.44755244755244755
958,212.0,16.358490566037737,2.0,0.910377358490566,0.41037735849056606
960,67.0,11.611940298507463,1.0,0.7910447761194029,0.6567164179104478
962,86.0,16.023255813953487,2.0,0.8488372093023255,0.4418604651162791
964,729.0,6.58161865569273,26.0,0.6776406035665294,0.6227709190672154
966,132.0,17.28787878787879,3.0,0.9242424242424242,0.38636363636363635
968,127.0,17.95275590551181,1.0,0.905511811023622,0.4251968503937008
970,153.0,13.679738562091503,5.0,0.8954248366013072,0.6274509803921569
973,707.0,13.158415841584159,15.0,0.9462517680339463,0.8217821782178217
974,134.0,15.873134328358208,1.0,0.8955223880597015,0.39552238805970147
981,582.0,11.943298969072165,15.0,0.8883161512027491,0.8127147766323024
982,38.0,16.789473684210527,0.0,0.868421052631579,0.34210526315789475
984,115.0,13.556521739130435,3.0,0.7739130434782608,0.5739130434782609
986,197.0,16.446700507614214,0.0,0.7614213197969543,0.37055837563451777
987,830.0,10.202409638554217,14.0,0.880722891566265,0.7963855421686747
988,130.0,16.453846153846154,0.0,0.8846153846153846,0.5076923076923077
990,92.0,15.75,0.0,0.8586956521739131,0.391304347826087
991,1427.0,12.814295725297828,19.0,0.928521373510862,0.8170988086895585
992,392.0,8.862244897959183,21.0,0.5739795918367347,0.6479591836734694
994,93.0,16.322580645161292,0.0,0.6774193548387096,0.3118279569892473
996,235.0,14.97872340425532,5.0,0.7063829787234043,0.3574468085106383
998,290.0,11.620689655172415,8.0,0.5586206896551724,0.3310344827586207
1001,19.0,10.210526315789474,0.0,0.5789473684210527,0.3684210526315789
1002,41.0,9.365853658536585,6.0,0.5365853658536586,0.34146341463414637
1004,127.0,14.11023622047244,8.0,0.5118110236220472,0.3464566929133858
1006,126.0,15.841269841269842,3.0,0.6190476190476191,0.49206349206349204
1008,123.0,9.975609756097562,1.0,0.6747967479674797,0.7398373983739838
1010,203.0,7.847290640394089,4.0,0.8571428571428571,0.7931034482758621
1012,180.0,16.272222222222222,2.0,0.9,0.6555555555555556
1014,166.0,14.481927710843374,3.0,0.5662650602409639,0.608433734939759
1016,133.0,15.345864661654135,4.0,0.556390977443609,0.5037593984962406
1017,1236.0,14.118122977346278,8.0,0.8656957928802589,0.8147249190938511
1018,196.0,17.943877551020407,8.0,0.5408163265306123,0.5306122448979592
1020,201.0,13.437810945273633,5.0,0.7114427860696517,0.572139303482587
1022,190.0,15.663157894736843,1.0,0.7631578947368421,0.38421052631578945
1024,200.0,10.93,2.0,0.715,0.715
1026,214.0,13.827102803738319,9.0,0.6635514018691588,0.705607476635514
1028,185.0,13.52972972972973,4.0,0.6054054054054054,0.6972972972972973
1029,542.0,14.726937269372694,10.0,0.9059040590405905,0.8044280442804428
1033,804.0,14.782338308457712,15.0,0.8669154228855721,0.6554726368159204
1034,121.0,7.380165289256198,3.0,0.6363636363636364,0.9008264462809917
1039,891.0,13.592592592592593,13.0,0.9079685746352413,0.7160493827160493
1047,1146.0,16.11867364746946,13.0,0.8917975567190227,0.6928446771378709
1059,1217.0,14.459326211996713,14.0,0.8726376335250616,0.8019720624486442
1070,467.0,5.507494646680942,19.0,0.8179871520342612,0.9229122055674518
1078,652.0,7.946319018404908,30.0,0.7377300613496932,0.8312883435582822
1085,524.0,13.685114503816793,10.0,0.8969465648854962,0.7709923664122137
1093,866.0,15.203233256351039,5.0,0.8025404157043879,0.5427251732101617
1097,534.0,16.11048689138577,5.0,0.898876404494382,0.7359550561797753
1098,362.0,11.870165745856353,14.0,0.3812154696132597,0.34806629834254144
1099,505.0,13.455445544554456,5.0,0.7504950495049505,0.5782178217821782
1104,954.0,10.127882599580714,41.0,0.7788259958071279,0.7589098532494759
1106,15.0,19.266666666666666,0.0,0.9333333333333333,0.8
1110,28.0,15.571428571428571,1.0,0.6785714285714286,0.75
1113,623.0,13.975922953451043,6.0,0.826645264847512,0.6292134831460674
1116,671.0,6.387481371087929,36.0,0.7570789865871833,0.7034277198211625
1118,283.0,8.045936395759718,11.0,0.6537102473498233,0.5512367491166078
1120,287.0,10.289198606271777,1.0,0.8083623693379791,0.5923344947735192
1122,288.0,7.673611111111111,3.0,0.9097222222222222,0.59375
1123,380.0,12.505263157894737,10.0,0.7421052631578947,0.5210526315789473
1124,393.0,9.139949109414758,12.0,0.6259541984732825,0.544529262086514
1126,329.0,10.60790273556231,6.0,0.9027355623100304,0.756838905775076
1128,315.0,10.292063492063493,10.0,0.8793650793650793,0.6476190476190476
1129,581.0,16.072289156626507,7.0,0.8623063683304647,0.5559380378657487
1130,339.0,9.415929203539823,14.0,0.7669616519174042,0.6047197640117994
1132,222.0,9.837837837837839,6.0,0.8468468468468469,0.6981981981981982
1133,347.0,15.109510086455332,6.0,0.7723342939481268,0.521613832853026
1134,235.0,7.5574468085106385,2.0,0.9404255319148936,0.8680851063829788
1139,630.0,19.274603174603175,6.0,0.873015873015873,0.6301587301587301
1141,797.0,16.111668757841908,6.0,0.903387703889586,0.7904642409033877
1144,518.0,7.555984555984556,11.0,0.7007722007722008,0.5405405405405406
1146,280.0,9.867857142857142,4.0,0.7857142857142857,0.45714285714285713
1147,479.0,15.315240083507307,2.0,0.8663883089770354,0.534446764091858
1150,209.0,6.555023923444976,5.0,0.7990430622009569,0.7559808612440191
1151,417.0,14.721822541966427,4.0,0.86810551558753,0.8033573141486811
1152,284.0,7.313380281690141,5.0,0.8098591549295775,0.5140845070422535
1155,282.0,17.80141843971631,5.0,0.9113475177304965,0.8368794326241135
1156,281.0,6.750889679715303,6.0,0.8291814946619217,0.7651245551601423
1157,418.0,14.83732057416268,8.0,0.9138755980861244,0.7535885167464115
1158,285.0,9.305263157894737,8.0,0.8035087719298246,0.5824561403508772
1159,358.0,13.980446927374302,5.0,0.8631284916201117,0.7988826815642458
1160,328.0,9.106707317073171,4.0,0.6707317073170732,0.5030487804878049
1161,151.0,15.165562913907285,0.0,0.7152317880794702,0.6291390728476821
1162,283.0,8.819787985865725,4.0,0.6925795053003534,0.5017667844522968
1163,254.0,11.748031496062993,2.0,0.8188976377952756,0.5393700787401575
1164,260.0,9.046153846153846,7.0,0.8961538461538462,0.6423076923076924
1166,224.0,7.508928571428571,5.0,0.8928571428571429,0.8303571428571429
1167,224.0,13.321428571428571,4.0,0.9285714285714286,0.5669642857142857
1168,181.0,8.867403314917127,3.0,0.8839779005524862,0.7513812154696132
1170,179.0,7.832402234636872,5.0,0.8715083798882681,0.6368715083798883
1171,432.0,12.743055555555555,11.0,0.9305555555555556,0.7615740740740741
1174,393.0,9.139949109414758,8.0,0.8804071246819338,0.7659033078880407
1175,666.0,13.153153153153154,7.0,0.9294294294294294,0.7402402402402403
1178,119.0,9.218487394957982,19.0,0.8907563025210085,0.8403361344537815
1181,254.0,18.08267716535433,2.0,0.889763779527559,0.6259842519685039
1184,275.0,11.610909090909091,18.0,0.7418181818181818,0.7890909090909091
1185,168.0,12.589285714285714,5.0,0.8988095238095238,0.6547619047619048
1186,192.0,10.21875,11.0,0.7395833333333334,0.7447916666666666
1187,243.0,14.761316872427983,0.0,0.9382716049382716,0.7613168724279835
1188,306.0,7.6568627450980395,7.0,0.8300653594771242,0.673202614379085
1189,267.0,14.415730337078651,4.0,0.9438202247191011,0.8389513108614233
1190,156.0,7.339743589743589,11.0,0.8910256410256411,0.8974358974358975
1191,215.0,12.44186046511628,2.0,0.813953488372093,0.49767441860465117
1192,297.0,7.824915824915825,16.0,0.7441077441077442,0.7946127946127947
1193,253.0,14.237154150197629,4.0,0.9090909090909091,0.6284584980237155
1194,346.0,7.514450867052023,7.0,0.9653179190751445,0.7976878612716763
1195,261.0,16.279693486590038,2.0,0.8697318007662835,0.7662835249042146
1196,445.0,7.280898876404494,3.0,0.898876404494382,0.7865168539325843
1198,317.0,8.135646687697161,16.0,0.7160883280757098,0.49842271293375395
1199,230.0,13.982608695652173,6.0,0.8434782608695652,0.43478260869565216
1200,229.0,10.08296943231441,3.0,0.868995633187773,0.7030567685589519
1201,136.0,14.323529411764707,1.0,0.7867647058823529,0.6323529411764706
1202,187.0,9.764705882352942,5.0,0.7433155080213903,0.6096256684491979
1203,431.0,14.563805104408353,6.0,0.8445475638051044,0.6705336426914154
1205,156.0,15.51923076923077,2.0,0.7435897435897436,0.6923076923076923
1207,531.0,14.156308851224106,11.0,0.8757062146892656,0.4576271186440678
1208,626.0,7.223642172523961,11.0,0.7044728434504792,0.6693290734824281
1210,16.0,9.625,0.0,0.625,0.25
1211,19.0,17.263157894736842,1.0,0.9473684210526315,0.9473684210526315
1214,23.0,4.869565217391305,1.0,0.8695652173913043,0.8695652173913043
1215,596.0,14.625838926174497,15.0,0.7718120805369127,0.5453020134228188
1220,787.0,5.956797966963151,33.0,0.7712833545108005,0.8576874205844981
1223,855.0,15.87953216374269,4.0,0.8502923976608188,0.4421052631578947
1237,259.0,6.725868725868726,9.0,0.7992277992277992,0.3166023166023166
1241,1052.0,15.067490494296578,6.0,0.9049429657794676,0.6549429657794676
1247,812.0,13.036945812807883,10.0,0.8362068965517241,0.7192118226600985
1257,739.0,15.477672530446549,4.0,0.86468200270636,0.6468200270635994
1265,296.0,13.20608108108108,9.0,0.7736486486486487,0.6013513513513513
1267,458.0,13.179039301310043,10.0,0.7358078602620087,0.6179039301310044
1277,1560.0,15.828205128205129,31.0,0.8025641025641026,0.5987179487179487
1301,933.0,15.357984994640944,12.0,0.6130760986066452,0.5123258306538049
1333,1153.0,15.1561144839549,18.0,0.8152645273200347,0.7224631396357328
1339,160.0,11.20625,11.0,0.8,0.86875
1341,777.0,14.943371943371943,4.0,0.8146718146718147,0.806949806949807
1347,658.0,15.012158054711247,7.0,0.7948328267477204,0.8237082066869301
1367,1242.0,18.62962962962963,11.0,0.895330112721417,0.679549114331723
1377,861.0,15.882694541231126,16.0,0.8977932636469221,0.645760743321719
1399,413.0,11.861985472154963,11.0,0.7651331719128329,0.8111380145278451
1401,55.0,6.781818181818182,1.0,0.7818181818181819,0.9090909090909091
1402,115.0,8.373913043478261,5.0,0.6,0.7913043478260869
1403,499.0,16.480961923847694,5.0,0.8597194388777555,0.7715430861723447
1417,1532.0,13.5032637075718,18.0,0.8818537859007833,0.7826370757180157
1429,827.0,15.644498186215236,9.0,0.8077388149939541,0.7339782345828295
1435,390.0,14.882051282051282,2.0,0.8948717948717949,0.7974358974358975
1441,680.0,13.369117647058824,9.0,0.7338235294117647,0.5691176470588235
1447,640.0,14.5046875,8.0,0.8296875,0.521875
1459,536.0,15.080223880597014,9.0,0.9291044776119403,0.6436567164179104
1463,492.0,15.020325203252032,4.0,0.8130081300813008,0.6788617886178862
1467,534.0,14.282771535580524,3.0,0.7621722846441947,0.5655430711610487
1471,627.0,12.813397129186603,8.0,0.8421052631578947,0.5725677830940988
1479,959.0,12.303441084462982,12.0,0.7643378519290928,0.656934306569343
1483,1343.0,13.749069247952345,18.0,0.7081161578555473,0.691734921816828
1501,142.0,7.359154929577465,0.0,0.7183098591549296,0.9577464788732394
1502,461.0,13.177874186550977,2.0,0.8503253796095445,0.8481561822125814
1522,454.0,13.85022026431718,7.0,0.8524229074889867,0.7092511013215859
1567,220.0,7.486363636363636,21.0,0.6454545454545455,0.9727272727272728
1617,1032.0,14.52422480620155,10.0,0.8081395348837209,0.5455426356589147
1621,1405.0,15.826334519572955,13.0,0.703914590747331,0.5693950177935944
2001,328.0,10.210365853658537,2.0,0.8140243902439024,0.8140243902439024
2002,477.0,13.672955974842766,8.0,0.8448637316561844,0.7819706498951782
2201,105.0,7.933333333333334,7.0,0.7714285714285715,0.7428571428571429
2202,107.0,8.186915887850468,2.0,0.8691588785046729,0.8317757009345794
2601,195.0,9.184615384615384,8.0,0.7743589743589744,0.7948717948717948
2602,267.0,7.606741573033708,1.0,0.7528089887640449,0.7153558052434457
2701,61.0,5.475409836065574,2.0,0.6557377049180327,0.45901639344262296
2702,156.0,7.102564102564102,8.0,0.8461538461538461,0.6153846153846154
2901,42.0,12.380952380952381,8.0,0.6190476190476191,0.8095238095238095
3001,220.0,7.531818181818182,9.0,0.7636363636363637,0.7090909090909091
3002,90.0,8.911111111111111,6.0,0.6222222222222222,0.5777777777777777
3601,157.0,10.299363057324841,3.0,0.8343949044585988,0.7006369426751592
3602,155.0,8.703225806451613,4.0,0.8193548387096774,0.6903225806451613
4001,391.0,12.618925831202047,10.0,0.9181585677749361,0.7442455242966752
4002,109.0,14.825688073394495,5.0,0.7064220183486238,0.29357798165137616
4401,391.0,13.851662404092071,10.0,0.8465473145780051,0.5933503836317136
5001,169.0,8.846153846153847,2.0,0.8402366863905325,0.7041420118343196
5002,193.0,6.300518134715026,3.0,0.917098445595855,0.7253886010362695
5201,124.0,14.85483870967742,2.0,0.8387096774193549,0.5483870967741935
5202,123.0,15.113821138211382,1.0,0.9105691056910569,0.44715447154471544
5501,60.0,8.866666666666667,4.0,0.7166666666666667,0.6333333333333333
5502,114.0,9.31578947368421,1.0,0.7192982456140351,0.2982456140350877
5601,146.0,13.513698630136986,7.0,0.8835616438356164,0.6027397260273972
5602,121.0,14.983471074380166,6.0,0.8512396694214877,0.6859504132231405
5902,123.0,9.292682926829269,6.0,0.7560975609756098,0.5365853658536586
6201,360.0,19.288888888888888,0.0,0.975,0.9444444444444444
6202,571.0,15.297723292469351,10.0,0.8791593695271454,0.8809106830122592
6501,136.0,10.536764705882353,1.0,0.8823529411764706,0.38235294117647056
6502,251.0,10.573705179282868,4.0,0.8565737051792829,0.3705179282868526
8601,67.0,10.029850746268657,1.0,0.6268656716417911,0.1044776119402985
8602,10.0,8.5,0.0,1.0,0.6
8603,188.0,9.824468085106384,3.0,0.8829787234042553,0.6702127659574468
9601,907.0,15.363836824696802,8.0,0.8379272326350606,0.75303197353914
9602,763.0,13.44429882044561,5.0,0.9541284403669725,0.9423328964613368
10601,268.0,8.104477611940299,7.0,0.7164179104477612,0.5
10602,150.0,7.8133333333333335,11.0,0.6066666666666667,0.20666666666666667
10701,76.0,8.81578947368421,0.0,0.8552631578947368,0.7236842105263158
11201,1251.0,8.990407673860911,42.0,0.7633892885691447,0.8449240607513989
11202,1171.0,10.22801024765158,28.0,0.7916310845431256,0.7882152006831767
11203,68.0,6.132352941176471,0.0,0.7647058823529411,0.39705882352941174
11401,632.0,11.86867088607595,6.0,0.8639240506329114,0.7816455696202531
11402,666.0,12.13963963963964,17.0,0.7297297297297297,0.47897897897897895
11502,343.0,6.221574344023324,32.0,0.8862973760932945,0.7755102040816326
12101,175.0,7.091428571428572,0.0,0.9428571428571428,0.6914285714285714
12102,67.0,8.985074626865671,2.0,0.9850746268656716,0.8208955223880597
12301,758.0,10.287598944591029,14.0,0.8298153034300791,0.3324538258575198
12601,130.0,17.384615384615383,3.0,0.7923076923076923,0.4846153846153846
12602,166.0,18.096385542168676,0.0,0.9036144578313253,0.6024096385542169
12701,168.0,9.464285714285714,3.0,0.8452380952380952,0.8511904761904762
12801,146.0,18.445205479452056,3.0,0.9178082191780822,0.3767123287671233
12804,712.0,11.271067415730338,11.0,0.7640449438202247,0.5898876404494382
12805,547.0,10.03473491773309,26.0,0.7330895795246801,0.793418647166362
12806,977.0,13.111566018423746,25.0,0.8638689866939611,0.8096212896622313
12901,409.0,8.78239608801956,15.0,0.7872860635696821,0.6405867970660146
12902,177.0,13.225988700564972,2.0,0.7457627118644068,0.4350282485875706
13201,532.0,13.56766917293233,6.0,0.8139097744360902,0.7875939849624061
13203,1257.0,11.182179793158314,13.0,0.841686555290374,0.8496420047732697
13204,1432.0,12.601256983240223,20.0,0.7939944134078212,0.7360335195530726
13301,19.0,9.68421052631579,0.0,0.8947368421052632,0.8421052631578947
13302,290.0,9.320689655172414,22.0,0.803448275862069,0.803448275862069
14201,284.0,11.496478873239436,3.0,0.8767605633802817,0.5387323943661971
14202,262.0,12.01908396946565,22.0,0.8664122137404581,0.41603053435114506
14401,155.0,10.219354838709677,2.0,0.7806451612903226,0.4838709677419355
14402,243.0,10.222222222222221,5.0,0.6378600823045267,0.35390946502057613
14601,128.0,8.953125,1.0,0.6484375,0.375
14602,188.0,9.930851063829786,2.0,0.7021276595744681,0.48404255319148937
14604,1673.0,10.365212193664076,44.0,0.752540346682606,0.7686790197250448
14605,1316.0,10.900455927051672,31.0,0.7515197568389058,0.837386018237082
14606,1166.0,10.350771869639795,50.0,0.758147512864494,0.8164665523156089
14607,1115.0,10.87713004484305,21.0,0.7004484304932735,0.7847533632286996
14608,802.0,11.381546134663342,12.0,0.5947630922693267,0.8129675810473815
14701,60.0,7.7,4.0,0.85,0.6166666666666667
14702,49.0,8.061224489795919,4.0,0.7551020408163265,0.6122448979591837
14801,80.0,8.5875,5.0,0.65,0.625
14802,259.0,8.420849420849422,6.0,0.6216216216216216,0.6833976833976834
15001,135.0,9.762962962962963,1.0,0.7703703703703704,0.4888888888888889
15002,332.0,9.77710843373494,4.0,0.7891566265060241,0.713855421686747
15601,1983.0,10.770549672213818,25.0,0.8023197175995965,0.7165910237014624
15602,1872.0,9.988247863247864,23.0,0.8733974358974359,0.8819444444444444
15603,1053.0,10.917378917378917,11.0,0.8812915479582146,0.8632478632478633
15801,509.0,15.944990176817289,22.0,0.7642436149312377,0.6365422396856582
15802,307.0,11.749185667752442,15.0,0.6807817589576547,0.6058631921824105
16001,368.0,11.13586956521739,3.0,0.7934782608695652,0.8152173913043478
16002,135.0,7.214814814814815,2.0,0.8074074074074075,0.8518518518518519
16901,518.0,12.722007722007723,4.0,0.8725868725868726,0.918918918918919
17005,2268.0,9.051587301587302,40.0,0.6997354497354498,0.9025573192239859
17007,582.0,6.719931271477663,11.0,0.8986254295532646,0.845360824742268
17008,2037.0,10.402552773686795,41.0,0.7569955817378498,0.8811978399607265
17009,1952.0,10.052766393442623,21.0,0.8872950819672131,0.7397540983606558
17010,2283.0,10.216819973718792,25.0,0.7963206307490145,0.7862461673236969
17011,1349.0,9.70126019273536,17.0,0.5322461082283173,0.8917716827279466
17012,1344.0,10.42485119047619,27.0,0.7380952380952381,0.7142857142857143
17401,168.0,11.321428571428571,2.0,0.8809523809523809,0.36904761904761907
17402,102.0,9.127450980392156,7.0,0.8137254901960784,0.23529411764705882
17701,190.0,7.2894736842105265,7.0,0.7736842105263158,0.5736842105263158
17702,211.0,7.706161137440758,30.0,0.8436018957345972,0.8199052132701422
17901,138.0,6.268115942028985,6.0,0.6884057971014492,0.5
17902,98.0,7.346938775510204,2.0,0.6122448979591837,0.46938775510204084
18101,281.0,10.711743772241993,5.0,0.7900355871886121,0.48398576512455516
18102,400.0,8.715,9.0,0.77,0.4775
18301,156.0,7.121794871794871,4.0,0.7948717948717948,0.7564102564102564
18302,145.0,8.786206896551723,8.0,0.8137931034482758,0.45517241379310347
18401,194.0,13.324742268041238,0.0,0.7938144329896907,0.7628865979381443
18402,177.0,18.203389830508474,3.0,0.8813559322033898,0.7005649717514124
18501,271.0,10.199261992619926,6.0,0.7638376383763837,0.6937269372693727
18502,152.0,7.776315789473684,4.0,0.7697368421052632,0.5789473684210527
18701,177.0,13.88135593220339,2.0,0.8192090395480226,0.943502824858757
18702,1456.0,10.165521978021978,29.0,0.8729395604395604,0.8846153846153846
18901,1392.0,10.59051724137931,22.0,0.9094827586206896,0.9288793103448276
18902,912.0,11.37280701754386,19.0,0.8804824561403509,0.8760964912280702
19701,119.0,15.235294117647058,2.0,0.8067226890756303,0.7394957983193278
19702,91.0,9.406593406593407,2.0,0.7032967032967034,0.6703296703296703
20101,104.0,9.115384615384615,1.0,0.7788461538461539,0.5961538461538461
20102,179.0,10.726256983240223,2.0,0.7932960893854749,0.5083798882681564
20501,146.0,9.205479452054794,4.0,0.8287671232876712,0.6232876712328768
20502,113.0,6.185840707964601,7.0,0.7345132743362832,0.8053097345132744
20601,197.0,9.147208121827411,4.0,0.8527918781725888,0.6700507614213198
20701,127.0,9.51968503937008,8.0,0.7322834645669292,0.8346456692913385
20801,3467.0,9.496394577444477,25.0,0.8774156331122007,0.8004038073262186
20803,2596.0,8.968412942989215,50.0,0.811633281972265,0.7958397534668721
20804,2621.0,9.814193056085463,21.0,0.8790537962609691,0.8218237314002289
20901,86.0,9.732558139534884,4.0,0.8488372093023255,0.7790697674418605
21001,81.0,10.123456790123457,5.0,0.9135802469135802,0.8641975308641975
21002,135.0,11.466666666666667,0.0,0.8814814814814815,0.8592592592592593
21301,62.0,7.790322580645161,7.0,0.8064516129032258,0.24193548387096775
21302,225.0,8.182222222222222,17.0,0.7333333333333333,0.7466666666666667
21303,203.0,7.684729064039409,9.0,0.8472906403940886,0.7881773399014779
21501,180.0,6.622222222222222,4.0,0.6555555555555556,0.5111111111111111
21502,236.0,7.360169491525424,19.0,0.5720338983050848,0.3516949152542373
21601,244.0,8.565573770491802,6.0,0.7745901639344263,0.610655737704918
21602,162.0,10.320987654320987,0.0,0.8641975308641975,0.8827160493827161
21703,200.0,9.09,1.0,0.82,0.835
22001,475.0,17.122105263157895,5.0,0.8147368421052632,0.6105263157894737
22002,377.0,13.477453580901857,14.0,0.8063660477453581,0.623342175066313
22101,112.0,5.9375,7.0,0.7053571428571429,0.5892857142857143
22102,310.0,8.538709677419355,7.0,0.832258064516129,0.7161290322580646
22301,260.0,6.6461538461538465,16.0,0.676923076923077,0.6961538461538461
22302,3.0,5.666666666666667,0.0,1.0,0.6666666666666666
22401,96.0,12.229166666666666,2.0,0.7708333333333334,0.5416666666666666
22403,99.0,8.818181818181818,16.0,0.8181818181818182,0.6767676767676768
22404,168.0,8.148809523809524,7.0,0.8809523809523809,0.9642857142857143
22701,183.0,6.814207650273224,2.0,0.8087431693989071,0.8743169398907104
22702,42.0,7.761904761904762,2.0,0.8095238095238095,0.6904761904761905
22703,56.0,8.553571428571429,0.0,0.7857142857142857,0.3392857142857143
22901,192.0,7.90625,14.0,0.6770833333333334,0.40625
22902,159.0,8.842767295597485,13.0,0.710691823899371,0.4716981132075472
23301,160.0,8.44375,4.0,0.975,0.80625
23302,106.0,5.80188679245283,4.0,0.7452830188679245,0.7924528301886793
23501,347.0,9.129682997118156,7.0,0.8847262247838616,0.8213256484149856
23502,222.0,7.112612612612613,18.0,0.7927927927927928,0.7882882882882883
23702,59.0,6.559322033898305,3.0,0.6101694915254238,0.559322033898305
23703,172.0,6.906976744186046,6.0,0.7674418604651163,0.686046511627907
23704,105.0,6.542857142857143,5.0,0.780952380952381,0.6285714285714286
24301,175.0,11.06857142857143,7.0,0.7428571428571429,0.5942857142857143
24302,21.0,17.0,0.0,1.0,0.8095238095238095
24401,2315.0,10.040172786177106,29.0,0.8803455723542116,0.8293736501079914
24402,1863.0,9.502415458937199,6.0,0.784219001610306,0.7767042404723564
24501,159.0,7.3081761006289305,21.0,0.8364779874213837,0.7169811320754716
24502,222.0,6.5225225225225225,5.0,0.7882882882882883,0.6306306306306306
25301,250.0,12.12,2.0,0.768,0.472
25302,136.0,8.0,4.0,0.7720588235294118,0.49264705882352944
25901,92.0,11.119565217391305,5.0,0.6304347826086957,0.3695652173913043
25902,9.0,11.333333333333334,0.0,0.5555555555555556,0.1111111111111111
26601,214.0,7.785046728971962,14.0,0.8644859813084113,0.8084112149532711
26602,403.0,9.290322580645162,12.0,0.9106699751861043,0.7146401985111662
26701,108.0,11.342592592592593,4.0,0.7962962962962963,0.5925925925925926
26702,289.0,15.16955017301038,12.0,0.7508650519031141,0.5259515570934256
26901,114.0,11.228070175438596,4.0,0.8245614035087719,0.47368421052631576
26902,67.0,10.835820895522389,5.0,0.746268656716418,0.3880597014925373
27301,882.0,9.156462585034014,20.0,0.8378684807256236,0.782312925170068
27302,738.0,11.447154471544716,3.0,0.9566395663956639,0.9390243902439024
27401,693.0,13.542568542568542,7.0,0.8297258297258298,0.5714285714285714
27402,363.0,13.53168044077135,1.0,0.9090909090909091,0.6584022038567493
27702,671.0,8.935916542473919,31.0,0.6020864381520119,0.8017883755588674
27704,603.0,9.162520729684909,18.0,0.6915422885572139,0.7164179104477612
27705,850.0,10.165882352941177,38.0,0.47294117647058825,0.6905882352941176
27706,539.0,9.517625231910946,23.0,0.6252319109461967,0.6938775510204082
28501,21.0,4.761904761904762,1.0,0.8095238095238095,0.19047619047619047
28502,11.0,7.363636363636363,0.0,0.7272727272727273,0.2727272727272727
29102,747.0,7.749665327978581,21.0,0.6961178045515395,0.9089692101740294
29103,1595.0,10.082758620689654,30.0,0.799373040752351,0.8244514106583072
29104,1158.0,10.664075993091537,22.0,0.8601036269430051,0.8894645941278065
29301,61.0,11.114754098360656,1.0,0.9180327868852459,0.7213114754098361
29302,146.0,10.404109589041095,3.0,0.8356164383561644,0.7397260273972602
30301,548.0,11.578467153284672,3.0,0.948905109489051,0.9671532846715328
30302,728.0,8.997252747252746,21.0,0.8887362637362637,0.9629120879120879
30701,224.0,12.602678571428571,2.0,0.8348214285714286,0.7767857142857143
30902,589.0,15.96434634974533,17.0,0.7809847198641766,0.3378607809847199
30903,546.0,12.923076923076923,13.0,0.7857142857142857,0.48534798534798534
30904,498.0,13.606425702811245,11.0,0.7188755020080321,0.5843373493975904
31701,189.0,11.682539682539682,2.0,0.8835978835978836,0.5873015873015873
31702,259.0,11.922779922779922,0.0,0.7953667953667953,0.5752895752895753
31703,229.0,8.218340611353712,2.0,0.9170305676855895,0.925764192139738
31704,332.0,8.298192771084338,2.0,0.8644578313253012,0.9819277108433735
31901,345.0,9.417391304347825,6.0,0.863768115942029,0.9594202898550724
31902,481.0,8.095634095634095,13.0,0.6611226611226612,0.9480249480249481
33201,165.0,14.515151515151516,12.0,0.7393939393939394,0.45454545454545453
33202,139.0,13.115107913669064,11.0,0.7410071942446043,0.697841726618705
33401,513.0,14.49317738791423,4.0,0.8869395711500975,0.5477582846003899
33402,534.0,15.146067415730338,9.0,0.9194756554307116,0.8014981273408239
35601,48.0,14.958333333333334,0.0,0.7083333333333334,0.9375
35602,177.0,10.067796610169491,3.0,0.5480225988700564,0.9096045197740112
36001,78.0,9.346153846153847,6.0,0.6025641025641025,0.5256410256410257
36002,66.0,8.606060606060606,2.0,0.7121212121212122,0.36363636363636365
36501,276.0,8.952898550724637,4.0,0.7789855072463768,0.5978260869565217
36502,165.0,6.951515151515151,10.0,0.9090909090909091,0.7757575757575758
36901,124.0,7.080645161290323,10.0,0.7258064516129032,0.7258064516129032
36902,112.0,7.071428571428571,4.0,0.6160714285714286,0.7946428571428571
37401,312.0,15.006410256410257,4.0,0.6923076923076923,0.8557692307692307
37402,196.0,20.974489795918366,7.0,0.6836734693877551,0.8112244897959183
37504,358.0,8.38268156424581,15.0,0.6256983240223464,0.5726256983240223
38301,264.0,7.109848484848484,7.0,0.803030303030303,0.803030303030303
38302,216.0,7.726851851851852,13.0,0.7638888888888888,0.7546296296296297
39901,137.0,7.839416058394161,12.0,0.7007299270072993,0.781021897810219
39902,158.0,4.2784810126582276,10.0,0.7151898734177216,0.7088607594936709
40302,93.0,8.10752688172043,3.0,0.8924731182795699,0.7849462365591398
40303,159.0,8.150943396226415,3.0,0.8742138364779874,0.660377358490566
40304,102.0,7.176470588235294,1.0,0.6470588235294118,0.8529411764705882
40501,103.0,8.941747572815533,2.0,0.912621359223301,0.5728155339805825
40502,132.0,8.015151515151516,8.0,0.8787878787878788,0.5
40701,87.0,7.609195402298851,5.0,0.8735632183908046,0.632183908045977
40702,199.0,8.738693467336683,10.0,0.7336683417085427,0.5175879396984925
41401,219.0,20.488584474885844,1.0,0.8812785388127854,0.5844748858447488
41402,400.0,14.2775,3.0,0.7975,0.8
42901,107.0,9.80373831775701,0.0,0.897196261682243,0.5514018691588785
42902,121.0,6.380165289256198,1.0,0.8264462809917356,0.6611570247933884
43701,110.0,11.945454545454545,3.0,0.6909090909090909,0.6181818181818182
43702,157.0,12.681528662420382,7.0,0.6050955414012739,0.5414012738853503
44301,136.0,12.117647058823529,6.0,0.8235294117647058,0.4264705882352941
44302,308.0,11.431818181818182,2.0,0.7857142857142857,0.5584415584415584
44601,254.0,9.011811023622048,10.0,0.7244094488188977,0.5984251968503937
44602,184.0,10.054347826086957,1.0,0.8695652173913043,0.5815217391304348
44901,304.0,14.226973684210526,9.0,0.8388157894736842,0.5361842105263158
44902,247.0,11.8582995951417,8.0,0.7651821862348178,0.5708502024291497
45101,173.0,13.011560693641618,1.0,0.9190751445086706,0.6069364161849711
45102,298.0,9.775167785234899,1.0,0.8959731543624161,0.714765100671141
46201,1164.0,10.981958762886597,17.0,0.8651202749140894,0.7448453608247423
46202,818.0,10.882640586797066,16.0,0.7970660146699267,0.7322738386308069
49301,148.0,11.837837837837839,3.0,0.8378378378378378,0.5472972972972973
49302,271.0,10.959409594095941,4.0,0.8376383763837638,0.4575645756457565
50201,151.0,11.774834437086092,6.0,0.9139072847682119,0.8609271523178808
50202,476.0,13.932773109243698,4.0,0.8970588235294118,0.7478991596638656
50801,62.0,13.274193548387096,1.0,0.8064516129032258,0.8064516129032258
50803,68.0,10.926470588235293,3.0,0.8529411764705882,0.6176470588235294
50804,197.0,14.761421319796954,0.0,0.751269035532995,0.5431472081218274
51001,37.0,8.91891891891892,3.0,0.7567567567567568,0.8378378378378378
51002,66.0,12.409090909090908,1.0,0.8939393939393939,0.7878787878787878
51601,156.0,11.679487179487179,4.0,0.8205128205128205,0.8589743589743589
51602,94.0,8.585106382978724,1.0,0.7021276595744681,0.776595744680851
53401,216.0,13.703703703703704,13.0,0.75,0.7592592592592593
53601,140.0,16.185714285714287,5.0,0.9142857142857143,0.6642857142857143
59401,465.0,19.49462365591398,2.0,0.7935483870967742,0.5290322580645161
59402,420.0,19.72142857142857,4.0,0.8785714285714286,0.6285714285714286
60701,12.0,11.583333333333334,0.0,0.75,0.5833333333333334
61002,46.0,10.456521739130435,3.0,0.6086956521739131,0.8043478260869565
61003,32.0,9.71875,3.0,0.4375,0.5625
61004,201.0,9.950248756218905,11.0,0.6865671641791045,0.8009950248756219
61301,479.0,9.768267223382045,16.0,0.8559498956158664,0.48434237995824636
61601,519.0,11.298651252408478,9.0,0.7630057803468208,0.6955684007707129
61602,187.0,13.593582887700535,0.0,0.8663101604278075,0.7005347593582888
63301,265.0,16.562264150943395,0.0,0.8452830188679246,0.5773584905660377
63302,284.0,17.62323943661972,1.0,0.8556338028169014,0.4119718309859155
64101,111.0,14.513513513513514,5.0,0.8288288288288288,0.6756756756756757
65702,197.0,14.543147208121827,0.0,0.7969543147208121,0.4263959390862944
65703,381.0,12.31496062992126,1.0,0.8582677165354331,0.5354330708661418
66501,456.0,14.730263157894736,4.0,0.7894736842105263,0.3815789473684211
66701,341.0,15.935483870967742,6.0,0.7683284457478006,0.20527859237536658
69601,482.0,13.755186721991702,9.0,0.8278008298755186,0.516597510373444
69602,768.0,11.611979166666666,9.0,0.828125,0.6927083333333334
69701,121.0,10.735537190082646,4.0,0.7272727272727273,0.45454545454545453
69702,859.0,13.919674039580908,9.0,0.8474970896391153,0.3410942956926659
70201,1518.0,16.94532279314888,10.0,0.8754940711462451,0.6469038208168643
70202,85.0,19.58823529411765,0.0,0.6352941176470588,0.7411764705882353
71303,231.0,8.142857142857142,3.0,0.7705627705627706,0.6320346320346321
71304,209.0,8.511961722488039,6.0,0.6746411483253588,0.5454545454545454
71305,133.0,11.954887218045112,2.0,0.8045112781954887,0.5488721804511278
71306,165.0,12.866666666666667,4.0,0.7090909090909091,0.28484848484848485
71701,275.0,9.316363636363636,5.0,0.7418181818181818,0.49818181818181817
71702,163.0,10.447852760736197,1.0,0.8588957055214724,0.6012269938650306
75701,258.0,11.5,2.0,0.7635658914728682,0.6472868217054264
75702,648.0,10.311728395061728,12.0,0.8518518518518519,0.5925925925925926
76901,173.0,9.132947976878613,6.0,0.815028901734104,0.7861271676300579
76902,143.0,10.223776223776223,1.0,0.8461538461538461,0.8461538461538461
77902,963.0,13.439252336448599,12.0,0.8961578400830738,0.6895119418483905
77903,367.0,12.991825613079019,4.0,0.8528610354223434,0.5776566757493188
77904,693.0,14.43867243867244,10.0,0.847041847041847,0.7777777777777778
77905,131.0,18.404580152671755,3.0,0.8320610687022901,0.4122137404580153
77906,427.0,13.810304449648712,4.0,0.9578454332552693,0.8548009367681498
77907,345.0,13.272463768115943,9.0,0.8869565217391304,0.6927536231884058
77908,230.0,11.52608695652174,4.0,0.9,0.8869565217391304
79601,156.0,10.807692307692308,3.0,0.8974358974358975,0.6153846153846154
79602,131.0,8.244274809160306,6.0,0.8015267175572519,0.8320610687022901
79701,66.0,12.0,4.0,0.9090909090909091,0.4696969696969697
79702,151.0,17.1523178807947,4.0,0.7019867549668874,0.3973509933774834
79801,204.0,14.323529411764707,1.0,0.9117647058823529,0.8235294117647058
79802,159.0,11.264150943396226,5.0,0.8176100628930818,0.7232704402515723
80301,295.0,11.152542372881356,13.0,0.8203389830508474,0.5661016949152542
80302,618.0,14.995145631067961,9.0,0.872168284789644,0.4919093851132686
84601,810.0,13.749382716049382,11.0,0.8382716049382716,0.828395061728395
84602,150.0,13.386666666666667,8.0,0.7266666666666667,0.7466666666666667
87401,111.0,13.216216216216216,6.0,0.8468468468468469,0.6936936936936937
88901,785.0,13.659872611464968,8.0,0.8101910828025478,0.6331210191082802
91601,24.0,4.666666666666667,6.0,0.0,1.0
93401,585.0,8.637606837606837,11.0,0.6683760683760683,0.7196581196581197
93402,226.0,8.048672566371682,9.0,0.6946902654867256,0.8097345132743363
94201,152.0,5.3881578947368425,3.0,0.7697368421052632,0.8947368421052632
94202,423.0,5.319148936170213,22.0,0.6453900709219859,0.7092198581560284
94203,168.0,5.625,15.0,0.4166666666666667,0.7440476190476191
94401,318.0,18.08176100628931,6.0,0.8144654088050315,0.2672955974842767
94402,15.0,13.066666666666666,0.0,0.3333333333333333,0.8
97202,40.0,3.025,1.0,0.275,0.45
97203,193.0,4.2072538860103625,22.0,0.46632124352331605,0.5129533678756477
97204,300.0,6.166666666666667,16.0,0.7366666666666667,0.7
99701,785.0,12.745222929936306,12.0,0.7719745222929937,0.7031847133757961
99703,236.0,12.584745762711865,1.0,0.6694915254237288,0.5084745762711864
99704,364.0,17.12912087912088,5.0,0.7582417582417582,0.7307692307692307
99705,174.0,12.24712643678161,3.0,0.7931034482758621,0.6206896551724138
99801,280.0,8.728571428571428,7.0,0.7035714285714286,0.8071428571428572
99802,154.0,6.785714285714286,13.0,0.3116883116883117,0.922077922077922
100801,545.0,10.310091743119266,13.0,0.8403669724770643,0.7137614678899082
100802,906.0,10.051876379690949,21.0,0.7450331125827815,0.7251655629139073
101001,767.0,9.144719687092568,18.0,0.6844850065189049,0.7157757496740548
101002,805.0,10.111801242236025,33.0,0.6720496894409937,0.7440993788819876
103201,315.0,7.514285714285714,3.0,0.780952380952381,0.8571428571428571
103202,763.0,7.610747051114023,12.0,0.762778505897772,0.7771952817824378
105801,231.0,13.917748917748918,2.0,0.8268398268398268,0.9393939393939394
105804,462.0,13.238095238095237,2.0,0.9567099567099567,0.9372294372294372
107201,476.0,9.313025210084033,13.0,0.4852941176470588,0.6638655462184874
114201,202.0,11.569306930693068,3.0,0.8663366336633663,0.7277227722772277
114202,146.0,17.41780821917808,2.0,0.8561643835616438,0.7671232876712328
117201,203.0,12.344827586206897,5.0,0.9408866995073891,0.8472906403940886
117202,282.0,10.5177304964539,0.0,0.8829787234042553,0.6702127659574468
117601,251.0,10.350597609561753,5.0,0.8844621513944223,0.7450199203187251
117602,181.0,10.784530386740332,2.0,0.8287292817679558,0.6132596685082873
118201,162.0,13.179012345679013,3.0,0.8703703703703703,0.5370370370370371
118202,172.0,13.180232558139535,4.0,0.9593023255813954,0.6337209302325582
122701,789.0,14.683143219264892,10.0,0.7908745247148289,0.5576679340937896
122702,383.0,12.817232375979112,7.0,0.835509138381201,0.3263707571801567
129102,1258.0,12.69872813990461,20.0,0.8616852146263911,0.5818759936406995
129103,368.0,13.127717391304348,8.0,0.8641304347826086,0.7445652173913043
129104,888.0,15.028153153153154,13.0,0.8918918918918919,0.7240990990990991
138501,1045.0,16.04976076555024,14.0,0.6727272727272727,0.6507177033492823
138502,20.0,9.25,2.0,0.65,0.95
140901,310.0,13.790322580645162,5.0,0.8709677419354839,0.8516129032258064
140902,913.0,14.899233296823658,12.0,0.8587075575027382,0.7426067907995619
145101,366.0,13.398907103825136,1.0,0.8989071038251366,0.9207650273224044
145102,440.0,15.504545454545454,8.0,0.8340909090909091,0.7659090909090909
150701,1338.0,13.396860986547086,16.0,0.8714499252615845,0.7481315396113603
150702,1017.0,15.192723697148477,10.0,0.8515240904621436,0.7158308751229105
152901,771.0,14.553826199740596,15.0,0.8988326848249028,0.8560311284046692
152902,1020.0,15.311764705882354,14.0,0.842156862745098,0.7950980392156862
155102,1531.0,14.131286740692358,22.0,0.7073807968647943,0.6825604180274331
157101,2015.0,14.504218362282879,18.0,0.8436724565756824,0.7220843672456576
157102,394.0,18.431472081218274,4.0,0.8248730964467005,0.6903553299492385
157901,1978.0,14.723458038422649,15.0,0.8852376137512639,0.9074823053589485
157902,1638.0,13.708180708180707,14.0,0.8296703296703297,0.7478632478632479
157903,1293.0,15.023975251353441,24.0,0.917246713070379,0.8468677494199536
